Date,Mean1990s,Mean2000s,Mean2010s,1990,1991,1992,1993,1994,1995,1996,1997,1998,1999,2000,2001,2002,2003,2004,2005,2006,2007,2008,2009,2010,2011,2012,2013,2014,2015,2016,2017,2018,2019,2020,2021,2022,2023
1/1,6.7522,7.2346,7.1056,6.771,7.095,6.656,6.284,6.724,7.41,7.729,6.087,6.238,6.528,6.923,6.678,6.956,7.496,7.374,6.822,6.257,6.713,9.12,8.007,7.456,6.843,7.572,7.121,8.546,9.393,6.911,5.516,6.384,5.314,6.285,6.599,5.493,4.575
1/2,6.5844,7.0431,6.9426,6.621,6.928,6.458,6.079,6.527,7.256,7.618,5.962,6.033,6.362,6.667,6.491,6.661,7.398,7.275,6.721,6.038,6.478,8.93,7.772,7.161,6.693,7.466,6.935,8.41,9.273,6.721,5.387,6.244,5.136,6.129,6.48,5.276,4.499
1/3,6.4251,6.828,6.7818,6.449,6.795,6.278,5.884,6.501,7.022,7.483,5.788,5.86,6.191,6.349,6.332,6.463,7.304,6.988,6.537,5.778,6.312,8.632,7.585,6.812,6.554,7.346,6.841,8.243,9.154,6.554,5.232,6.114,4.968,5.967,6.358,5.16,4.378
1/4,6.2741,6.6641,6.6379,6.316,6.684,6.053,5.721,6.356,6.903,7.344,5.539,5.737,6.088,6.215,6.152,6.259,7.195,6.766,6.45,5.606,6.15,8.463,7.385,6.617,6.384,7.166,6.756,8.114,8.983,6.413,5.149,5.921,4.876,5.876,6.204,4.988,4.21
1/5,6.1419,6.5074,6.4803,6.198,6.519,5.963,5.555,6.166,6.84,7.367,5.287,5.541,5.983,5.978,6.08,5.947,7.096,6.59,6.284,5.459,6.076,8.313,7.251,6.366,6.241,7.061,6.601,7.88,8.821,6.25,5.065,5.768,4.75,5.774,6.027,4.819,4.065
1/6,6.0122,6.3433,6.3414,6.147,6.336,5.788,5.439,6.046,6.779,7.161,5.178,5.361,5.887,5.771,5.937,5.811,6.939,6.495,6.109,5.237,5.912,8.082,7.14,6.094,6.124,6.906,6.543,7.711,8.724,6.014,4.94,5.681,4.677,5.734,5.868,4.686,3.951
1/7,5.8957,6.1951,6.1594,5.968,6.216,5.702,5.374,5.964,6.605,7.041,5.045,5.28,5.762,5.647,5.88,5.733,6.813,6.358,5.895,5.046,5.688,7.878,7.013,5.863,5.91,6.696,6.416,7.463,8.544,5.841,4.854,5.429,4.578,5.611,5.701,4.634,3.867
1/8,5.7424,6.053,6.0135,5.771,6.127,5.574,5.227,5.772,6.368,6.891,4.837,5.18,5.677,5.478,5.81,5.597,6.693,6.289,5.647,4.89,5.546,7.704,6.876,5.676,5.678,6.6,6.334,7.295,8.423,5.719,4.781,5.168,4.461,5.432,5.582,4.564,3.764
1/9,5.5938,5.9077,5.8597,5.53,5.993,5.354,5.2,5.642,6.228,6.815,4.692,4.997,5.487,5.348,5.716,5.38,6.576,6.289,5.449,4.714,5.411,7.549,6.645,5.454,5.473,6.465,6.179,7.167,8.216,5.649,4.664,5.012,4.318,5.235,5.503,4.363,3.628
1/10,5.4723,5.7656,5.6891,5.425,5.9,5.229,4.965,5.53,6.148,6.737,4.604,4.822,5.363,5.191,5.589,5.205,6.427,6.219,5.294,4.566,5.33,7.277,6.558,5.285,5.312,6.29,6.095,7.068,8.033,5.365,4.498,4.738,4.207,5.065,5.443,4.304,3.582
1/11,5.3499,5.6337,5.549,5.328,5.73,5.089,4.88,5.425,6.034,6.581,4.479,4.669,5.284,5.096,5.514,5.041,6.252,5.989,5.28,4.44,5.174,7.1,6.451,5.22,5.091,6.156,6.004,6.99,7.849,5.18,4.275,4.631,4.094,4.962,5.349,4.188,3.509
1/12,5.226,5.5242,5.4036,5.248,5.679,4.978,4.788,5.256,5.909,6.354,4.382,4.567,5.099,4.946,5.498,4.951,6.166,5.838,5.222,4.3,5,6.993,6.328,5.109,4.882,5.979,5.905,6.803,7.613,5.112,4.07,4.507,4.056,4.863,5.141,4.106,3.441
1/13,5.1191,5.3815,5.2724,5.187,5.525,4.872,4.696,5.101,5.835,6.207,4.341,4.483,4.944,4.781,5.365,4.803,5.968,5.741,4.984,4.214,4.931,6.837,6.191,4.964,4.721,5.855,5.746,6.684,7.492,5.007,4.012,4.283,3.96,4.726,5.044,4.033,3.391
1/14,4.9929,5.2746,5.1331,5.032,5.363,4.762,4.547,4.946,5.753,6.089,4.173,4.425,4.839,4.705,5.339,4.718,5.884,5.679,4.751,4.163,4.831,6.545,6.131,4.838,4.669,5.68,5.623,6.533,7.387,4.688,3.897,4.159,3.857,4.602,4.948,4.002,3.338
1/15,4.8904,5.1513,4.9883,4.867,5.215,4.698,4.4,4.892,5.649,6.017,4.11,4.334,4.722,4.628,5.23,4.609,5.828,5.66,4.583,4.082,4.675,6.327,5.891,4.683,4.466,5.577,5.508,6.389,7.193,4.561,3.708,4.019,3.779,4.442,4.817,3.901,3.282
1/16,4.7945,5.0519,4.8748,4.759,5.159,4.61,4.3,4.854,5.541,5.875,4.002,4.238,4.607,4.579,5.167,4.558,5.698,5.58,4.399,4.004,4.597,6.177,5.76,4.583,4.205,5.514,5.424,6.233,7.054,4.441,3.563,3.988,3.743,4.393,4.741,3.76,3.138
1/17,4.6891,4.9229,4.763,4.589,5.154,4.493,4.169,4.746,5.418,5.737,3.908,4.163,4.514,4.515,5.078,4.42,5.613,5.505,4.263,3.908,4.416,5.978,5.533,4.527,4.105,5.365,5.372,6.042,6.841,4.251,3.489,3.923,3.715,4.356,4.582,3.678,3.069
1/18,4.5985,4.8048,4.6375,4.377,5.014,4.414,4.075,4.652,5.324,5.689,3.894,4.111,4.435,4.408,5.012,4.266,5.57,5.358,4.184,3.782,4.241,5.872,5.355,4.503,3.955,5.196,5.292,5.843,6.647,4.168,3.386,3.769,3.616,4.249,4.423,3.59,3.011
1/19,4.5025,4.7158,4.498,4.244,4.905,4.279,3.967,4.592,5.272,5.56,3.799,4.061,4.346,4.32,4.984,4.233,5.459,5.291,4.146,3.668,4.105,5.75,5.202,4.398,3.691,5.128,5.185,5.691,6.382,4.02,3.269,3.673,3.543,4.154,4.286,3.48,2.97
1/20,4.4095,4.6148,4.3669,4.158,4.871,4.232,3.86,4.514,5.131,5.361,3.701,3.98,4.287,4.246,4.9,4.229,5.298,5.146,4.079,3.577,3.991,5.578,5.104,4.341,3.548,5.071,5.101,5.585,5.864,3.914,3.193,3.572,3.48,4.016,4.287,3.421,2.905
1/21,4.3313,4.5177,4.2775,4.101,4.743,4.219,3.821,4.362,5.071,5.244,3.632,3.916,4.204,4.183,4.809,4.09,5.175,5.014,4.003,3.558,3.903,5.495,4.947,4.265,3.527,4.956,4.953,5.539,5.7,3.866,3.163,3.391,3.415,4.009,4.134,3.315,2.839
1/22,4.2383,4.4158,4.1987,4.041,4.677,4.105,3.698,4.277,4.978,5.061,3.551,3.893,4.102,4.094,4.749,3.996,5.044,4.914,3.915,3.448,3.883,5.358,4.757,4.297,3.395,4.851,4.936,5.512,5.436,3.74,3.069,3.378,3.373,3.949,3.967,3.303,2.788
1/23,4.1548,4.3167,4.1065,3.981,4.595,3.975,3.618,4.202,4.896,4.901,3.499,3.826,4.055,3.954,4.666,3.934,4.911,4.888,3.885,3.392,3.762,5.213,4.562,4.262,3.296,4.757,4.856,5.42,5.315,3.635,2.96,3.268,3.296,3.92,3.953,3.204,2.724
1/24,4.091,4.2236,4.0059,3.965,4.545,3.99,3.486,4.129,4.813,4.818,3.442,3.714,4.008,3.912,4.552,3.871,4.809,4.748,3.774,3.322,3.689,5.122,4.437,4.133,3.306,4.677,4.757,5.241,5.088,3.604,2.876,3.135,3.242,3.825,3.81,3.113,2.623
1/25,3.999,4.1438,3.9212,3.823,4.471,3.833,3.449,4.075,4.741,4.644,3.334,3.698,3.922,3.827,4.504,3.752,4.742,4.703,3.715,3.254,3.601,5.04,4.3,4.048,3.235,4.579,4.654,5.129,4.965,3.582,2.762,3.074,3.184,3.755,3.728,3.053,2.593
1/26,3.9358,4.0625,3.8614,3.76,4.442,3.744,3.436,3.928,4.681,4.559,3.279,3.663,3.866,3.738,4.503,3.708,4.61,4.636,3.581,3.196,3.543,4.891,4.219,3.991,3.195,4.517,4.665,5.025,4.867,3.52,2.692,3.001,3.141,3.679,3.669,2.963,2.497
1/27,3.8563,3.9821,3.7967,3.711,4.316,3.687,3.384,3.875,4.56,4.412,3.19,3.603,3.825,3.638,4.443,3.647,4.516,4.625,3.501,3.152,3.471,4.736,4.092,3.922,3.148,4.466,4.538,4.901,4.785,3.421,2.677,2.992,3.117,3.606,3.552,2.92,2.382
1/28,3.8067,3.9221,3.7308,3.706,4.232,3.612,3.261,3.87,4.475,4.372,3.172,3.566,3.801,3.577,4.44,3.603,4.464,4.524,3.521,3.091,3.458,4.577,3.966,3.828,3.089,4.435,4.485,4.774,4.707,3.372,2.595,2.928,3.095,3.583,3.568,2.855,2.319
1/29,3.7311,3.8539,3.6591,3.634,4.177,3.576,3.113,3.748,4.416,4.246,3.109,3.533,3.759,3.534,4.314,3.587,4.386,4.363,3.515,3.024,3.401,4.509,3.906,3.711,3.056,4.375,4.427,4.677,4.587,3.387,2.524,2.842,3.005,3.481,3.516,2.858,2.323
1/30,3.6689,3.7785,3.6071,3.622,4.078,3.514,3.055,3.657,4.374,4.137,3.073,3.492,3.687,3.523,4.279,3.478,4.336,4.27,3.435,2.965,3.317,4.398,3.784,3.648,3.052,4.314,4.323,4.65,4.544,3.256,2.521,2.791,2.972,3.431,3.457,2.774,2.249
1/31,3.5961,3.7268,3.5709,3.56,4.002,3.478,2.96,3.608,4.286,3.955,3.026,3.428,3.658,3.444,4.215,3.422,4.288,4.191,3.363,2.939,3.245,4.381,3.78,3.646,3.019,4.254,4.267,4.573,4.528,3.201,2.514,2.757,2.95,3.436,3.358,2.743,2.222
2/1,3.5115,3.6446,3.5241,3.46,3.97,3.401,2.963,3.499,4.131,3.717,3.013,3.366,3.595,3.423,4.137,3.4,4.186,4.088,3.258,2.898,3.18,4.253,3.623,3.572,2.946,4.227,4.202,4.52,4.489,3.176,2.498,2.685,2.926,3.375,3.351,2.737,2.178
2/2,3.4712,3.5954,3.465,3.454,3.907,3.37,2.926,3.494,4.048,3.588,3.033,3.302,3.59,3.398,4.064,3.357,4.128,4.079,3.203,2.82,3.19,4.166,3.549,3.529,2.874,4.172,4.146,4.458,4.371,3.096,2.456,2.604,2.944,3.335,3.256,2.688,2.178
2/3,3.4014,3.5298,3.4113,3.407,3.803,3.341,2.815,3.443,3.993,3.5,2.93,3.301,3.481,3.329,4,3.305,4.062,4.001,3.156,2.776,3.144,4.083,3.442,3.481,2.806,4.124,4.096,4.403,4.28,3.058,2.42,2.526,2.919,3.233,3.153,2.586,2.136
2/4,3.3423,3.4857,3.3641,3.36,3.768,3.275,2.762,3.394,3.954,3.467,2.826,3.226,3.391,3.184,3.921,3.282,4.023,3.957,3.133,2.784,3.101,4.061,3.411,3.423,2.77,4.065,4.033,4.309,4.234,2.987,2.423,2.508,2.889,3.239,3.114,2.537,2.075
2/5,3.2742,3.4412,3.3143,3.289,3.654,3.148,2.703,3.316,3.843,3.433,2.804,3.219,3.333,3.057,3.878,3.275,3.975,3.917,3.119,2.795,3.057,4.044,3.295,3.389,2.759,4.026,3.96,4.261,4.08,2.938,2.394,2.481,2.855,3.19,3.07,2.469,2.04
2/6,3.2256,3.3953,3.2751,3.239,3.497,3.141,2.663,3.286,3.874,3.316,2.767,3.226,3.247,3.036,3.747,3.224,3.947,3.903,3.097,2.786,3.05,3.983,3.18,3.332,2.696,3.955,3.925,4.234,4.046,2.91,2.398,2.421,2.834,3.138,3.045,2.396,2.037
2/7,3.1554,3.3599,3.2265,3.173,3.428,3.166,2.61,3.276,3.738,3.227,2.588,3.187,3.161,2.981,3.676,3.183,3.908,3.866,3.048,2.785,2.994,3.992,3.166,3.227,2.633,3.868,3.903,4.165,3.954,2.89,2.427,2.367,2.831,3.091,2.994,2.363,2.004
2/8,3.1113,3.3227,3.1849,3.119,3.408,3.074,2.568,3.258,3.683,3.208,2.528,3.171,3.096,2.99,3.718,3.096,3.85,3.781,3.013,2.745,2.959,3.928,3.147,3.158,2.615,3.84,3.895,3.998,3.887,2.837,2.424,2.363,2.832,3.059,3.071,2.251,1.982
2/9,3.0722,3.2865,3.1419,3.117,3.367,3.005,2.494,3.203,3.615,3.202,2.491,3.108,3.12,2.936,3.702,3.04,3.84,3.721,2.96,2.702,2.948,3.871,3.145,3.144,2.614,3.755,3.887,3.918,3.822,2.805,2.375,2.311,2.788,3.023,2.998,2.23,1.989
2/10,3.014,3.2529,3.089,3.082,3.304,2.952,2.463,3.168,3.539,3.116,2.488,3.023,3.005,2.913,3.687,3.052,3.811,3.601,2.972,2.641,2.903,3.902,3.047,3.135,2.575,3.637,3.847,3.842,3.737,2.779,2.312,2.273,2.753,3.004,2.904,2.208,1.897
2/11,2.9918,3.2128,3.0744,3.058,3.285,2.943,2.436,3.099,3.508,3.1,2.483,3.055,2.951,2.884,3.608,3.017,3.757,3.58,2.975,2.632,2.856,3.839,2.98,3.074,2.532,3.639,3.833,3.806,3.684,2.764,2.306,2.347,2.759,2.974,2.852,2.165,1.916
2/12,2.9553,3.1696,3.0345,3.027,3.235,2.906,2.421,3.083,3.48,3.018,2.454,2.997,2.932,2.837,3.57,2.906,3.711,3.532,2.923,2.67,2.871,3.737,2.939,2.992,2.546,3.658,3.812,3.739,3.665,2.735,2.243,2.305,2.65,2.956,2.833,2.182,1.864
2/13,2.9164,3.1522,3.0064,3.01,3.185,2.833,2.387,3.086,3.419,2.998,2.437,2.946,2.863,2.732,3.538,2.893,3.727,3.512,2.894,2.7,2.838,3.767,2.921,2.931,2.521,3.645,3.741,3.719,3.666,2.715,2.255,2.246,2.625,2.901,2.811,2.123,1.871
2/14,2.8926,3.1219,2.9773,2.982,3.124,2.811,2.364,3.091,3.37,2.967,2.415,2.966,2.836,2.702,3.529,2.856,3.693,3.5,2.883,2.645,2.809,3.744,2.858,2.906,2.471,3.587,3.753,3.655,3.634,2.669,2.242,2.259,2.597,2.852,2.727,2.122,1.891
2/15,2.8535,3.0928,2.9641,2.962,3.092,2.74,2.309,3.129,3.37,2.821,2.38,2.924,2.808,2.685,3.476,2.776,3.704,3.475,2.865,2.59,2.81,3.753,2.794,2.877,2.44,3.518,3.741,3.615,3.663,2.621,2.301,2.276,2.589,2.824,2.709,2.034,1.834
2/16,2.8382,3.0783,2.9307,2.94,3.093,2.725,2.333,3.107,3.418,2.8,2.339,2.873,2.754,2.682,3.488,2.75,3.727,3.437,2.844,2.567,2.743,3.746,2.799,2.842,2.381,3.402,3.713,3.641,3.609,2.625,2.306,2.232,2.556,2.794,2.69,1.995,1.915
2/17,2.8282,3.0746,2.9139,2.928,3.093,2.698,2.336,3.119,3.355,2.821,2.327,2.854,2.751,2.752,3.465,2.77,3.626,3.33,2.832,2.562,2.736,3.885,2.788,2.863,2.367,3.332,3.695,3.624,3.573,2.616,2.294,2.206,2.569,2.758,2.749,2.041,1.796
2/18,2.8206,3.056,2.9058,2.942,3.105,2.62,2.301,3.104,3.38,2.776,2.378,2.854,2.746,2.582,3.466,2.729,3.658,3.357,2.804,2.539,2.816,3.829,2.78,2.852,2.352,3.314,3.708,3.626,3.544,2.645,2.23,2.2,2.587,2.714,2.717,1.97,1.793
2/19,2.7843,3.0321,2.8974,2.881,2.985,2.582,2.281,3.097,3.414,2.705,2.311,2.832,2.755,2.588,3.441,2.749,3.631,3.297,2.857,2.512,2.723,3.763,2.76,2.878,2.373,3.262,3.679,3.574,3.589,2.651,2.219,2.2,2.549,2.711,2.739,1.98,1.766
2/20,2.7743,3.0267,2.9028,2.903,2.887,2.567,2.342,3.098,3.401,2.688,2.319,2.831,2.707,2.659,3.459,2.697,3.656,3.259,2.877,2.487,2.74,3.692,2.741,2.856,2.36,3.214,3.693,3.572,3.62,2.712,2.209,2.25,2.542,2.769,2.703,1.929,1.79
2/21,2.7639,3.0572,2.9034,2.841,2.799,2.521,2.381,3.089,3.395,2.69,2.299,2.841,2.783,2.73,3.485,2.727,3.684,3.363,2.901,2.513,2.756,3.736,2.677,2.92,2.327,3.201,3.693,3.548,3.641,2.742,2.236,2.22,2.506,2.76,2.691,1.91,1.797
2/22,2.7467,3.0728,2.9064,2.784,2.765,2.512,2.334,3.126,3.401,2.673,2.314,2.836,2.722,2.88,3.487,2.716,3.696,3.325,2.875,2.544,2.748,3.786,2.671,2.978,2.319,3.162,3.754,3.556,3.669,2.726,2.211,2.22,2.469,2.747,2.68,1.915,1.815
2/23,2.7327,3.0958,2.9041,2.79,2.73,2.492,2.376,3.098,3.339,2.666,2.302,2.819,2.715,2.936,3.46,2.765,3.737,3.314,2.887,2.543,2.779,3.807,2.73,3.044,2.327,3.111,3.738,3.559,3.655,2.742,2.173,2.231,2.461,2.756,2.718,1.949,1.834
2/24,2.7281,3.095,2.9116,2.81,2.704,2.551,2.377,3.092,3.33,2.614,2.299,2.787,2.717,2.863,3.517,2.727,3.696,3.39,2.893,2.547,2.766,3.845,2.706,3.049,2.379,3.137,3.761,3.57,3.615,2.735,2.169,2.215,2.486,2.754,2.718,1.94,1.824
2/25,2.7267,3.1304,2.9287,2.833,2.628,2.537,2.409,3.109,3.358,2.597,2.29,2.772,2.734,2.86,3.569,2.846,3.655,3.39,2.89,2.579,2.828,3.877,2.81,3.054,2.344,3.25,3.789,3.638,3.615,2.748,2.142,2.236,2.471,2.757,2.769,1.908,1.804
2/26,2.721,3.18,2.9481,2.862,2.563,2.522,2.352,3.144,3.352,2.61,2.295,2.782,2.728,2.898,3.643,2.859,3.686,3.457,2.897,2.615,2.937,3.971,2.837,3.184,2.358,3.292,3.739,3.648,3.639,2.728,2.159,2.252,2.482,2.757,2.875,1.953,1.823
2/27,2.7594,3.2156,2.9488,2.861,2.554,2.621,2.385,3.214,3.448,2.66,2.264,2.816,2.771,2.919,3.722,2.902,3.656,3.438,3.046,2.617,3.002,3.929,2.925,3.123,2.395,3.195,3.801,3.695,3.674,2.724,2.112,2.324,2.445,2.735,2.982,1.929,1.856
2/28,2.8035,3.2522,2.978,2.899,2.578,2.634,2.41,3.309,3.546,2.776,2.333,2.794,2.756,2.93,3.757,2.992,3.65,3.505,3.047,2.645,3.045,3.936,3.015,3.141,2.454,3.226,3.883,3.711,3.715,2.731,2.128,2.364,2.427,2.753,3.064,1.947,1.848
2/29,2.6975,3.495666667,3.23,,,2.596,,,,2.799,,,,2.923,,,,3.548,,,,4.016,,,,3.23,,,,,,,,2.723,,,
3/1,2.8293,3.2923,3.0004,2.902,2.575,2.659,2.398,3.363,3.618,2.818,2.377,2.813,2.77,2.984,3.781,3.016,3.643,3.604,3.085,2.561,3.055,4.104,3.09,3.124,2.543,3.286,3.87,3.72,3.765,2.791,2.08,2.351,2.474,2.747,3.215,1.991,1.907
3/2,2.8845,3.3568,3.0458,2.931,2.595,2.759,2.393,3.459,3.635,2.941,2.473,2.813,2.846,3.025,3.836,3.074,3.647,3.691,3.167,2.622,3.086,4.166,3.254,3.164,2.517,3.36,4.031,3.78,3.75,2.813,2.127,2.385,2.531,2.752,3.338,2.008,1.908
3/3,2.928,3.4122,3.0838,2.971,2.631,2.822,2.371,3.53,3.689,3.072,2.507,2.886,2.801,3.175,3.854,3.138,3.655,3.768,3.209,2.581,3.203,4.252,3.287,3.176,2.553,3.386,4.121,3.826,3.818,2.85,2.106,2.46,2.542,2.778,3.495,2.029,1.877
3/4,2.9659,3.4549,3.1381,3.018,2.677,2.834,2.375,3.595,3.749,3.071,2.566,2.987,2.787,3.284,3.87,3.154,3.722,3.73,3.257,2.543,3.264,4.326,3.399,3.215,2.587,3.48,4.16,3.916,3.894,2.929,2.136,2.485,2.579,2.853,3.647,2.136,1.896
3/5,3.0108,3.4872,3.1915,3.129,2.686,2.828,2.346,3.642,3.825,3.096,2.674,3.029,2.853,3.328,3.953,3.142,3.717,3.813,3.269,2.578,3.227,4.37,3.475,3.329,2.627,3.554,4.196,4.006,3.959,2.961,2.149,2.535,2.599,2.969,3.706,2.171,1.939
3/6,3.059,3.5365,3.2423,3.148,2.723,2.793,2.433,3.66,3.908,3.214,2.673,3.104,2.934,3.333,4.027,3.227,3.751,3.862,3.304,2.62,3.233,4.476,3.532,3.381,2.704,3.601,4.262,4.111,4.021,3.005,2.176,2.552,2.61,3.109,3.808,2.161,2.034
3/7,3.117,3.6101,3.2947,3.169,2.748,2.878,2.554,3.641,3.921,3.332,2.744,3.163,3.02,3.445,4.13,3.281,3.777,3.893,3.471,2.679,3.285,4.5,3.64,3.416,2.782,3.69,4.366,4.096,4.07,3.049,2.174,2.687,2.617,3.194,3.857,2.229,2.104
3/8,3.1834,3.6769,3.3774,3.21,2.845,2.91,2.629,3.735,3.99,3.472,2.798,3.3,2.945,3.56,4.215,3.304,3.813,3.93,3.565,2.723,3.41,4.53,3.719,3.535,2.891,3.791,4.45,4.19,4.122,3.093,2.258,2.789,2.655,3.305,3.959,2.29,2.209
3/9,3.2701,3.7272,3.4549,3.243,2.911,2.926,2.732,3.768,4.049,3.57,2.901,3.501,3.1,3.636,4.268,3.38,3.888,3.984,3.513,2.815,3.461,4.633,3.694,3.594,2.991,3.891,4.539,4.285,4.22,3.145,2.326,2.804,2.754,3.392,4.018,2.344,2.349
3/10,3.3708,3.7982,3.5345,3.343,2.971,2.989,2.891,3.884,4.131,3.672,2.967,3.647,3.213,3.694,4.424,3.443,3.975,4.052,3.531,2.818,3.554,4.734,3.757,3.648,3.067,4.011,4.701,4.334,4.299,3.255,2.327,2.918,2.785,3.496,4.043,2.416,2.348
3/11,3.4912,3.8727,3.5979,3.506,3.051,3.043,3.081,4.002,4.191,3.73,3.092,3.824,3.392,3.74,4.493,3.516,4.034,4.157,3.597,2.881,3.596,4.806,3.907,3.689,3.102,4.083,4.729,4.389,4.506,3.298,2.392,2.996,2.795,3.623,4.111,2.416,2.361
3/12,3.5909,3.9174,3.6662,3.556,3.207,3.146,3.182,4.04,4.311,3.832,3.122,3.924,3.589,3.787,4.524,3.646,4.064,4.188,3.676,2.906,3.619,4.864,3.9,3.69,3.146,4.184,4.807,4.486,4.547,3.36,2.464,3.149,2.829,3.73,4.164,2.481,2.418
3/13,3.6752,3.9748,3.7536,3.601,3.273,3.227,3.305,4.221,4.363,3.914,3.166,3.985,3.697,3.79,4.594,3.673,4.16,4.242,3.83,2.892,3.655,4.93,3.982,3.715,3.183,4.37,4.874,4.564,4.612,3.504,2.493,3.309,2.912,3.816,4.238,2.511,2.51
3/14,3.7633,4.0613,3.8086,3.703,3.415,3.291,3.42,4.287,4.425,3.991,3.226,4.017,3.858,3.852,4.69,3.697,4.218,4.451,3.842,2.916,3.731,5.045,4.171,3.759,3.263,4.399,4.954,4.592,4.675,3.586,2.528,3.321,3.009,3.933,4.341,2.608,2.537
3/15,3.8772,4.096,3.8595,3.806,3.571,3.402,3.54,4.39,4.516,4.169,3.322,4.058,3.998,3.956,4.691,3.639,4.27,4.408,3.876,2.967,3.829,5.119,4.205,3.762,3.332,4.489,4.976,4.688,4.772,3.672,2.58,3.348,2.976,4.029,4.366,2.646,2.635
3/16,3.962,4.1678,3.9289,3.913,3.655,3.389,3.746,4.509,4.602,4.243,3.34,4.107,4.116,4.029,4.757,3.664,4.353,4.552,3.978,3.005,3.793,5.216,4.331,3.788,3.377,4.626,5.024,4.709,4.902,3.814,2.629,3.391,3.029,4.063,4.467,2.719,2.666
3/17,4.0382,4.2436,4.0219,3.975,3.733,3.449,3.887,4.61,4.733,4.228,3.4,4.166,4.201,4.103,4.839,3.775,4.36,4.618,4.07,3.085,3.853,5.312,4.421,3.836,3.499,4.723,5.094,4.809,5.009,3.957,2.686,3.515,3.091,4.1,4.494,2.765,2.678
3/18,4.1394,4.3272,4.0908,4.033,3.896,3.626,4.021,4.706,4.807,4.312,3.443,4.267,4.283,4.232,4.851,3.802,4.485,4.685,4.212,3.154,3.897,5.391,4.563,3.828,3.552,4.787,5.173,4.847,5.139,4.053,2.774,3.589,3.166,4.198,4.54,2.829,2.785
3/19,4.2225,4.4215,4.1938,4.101,4.056,3.713,4.166,4.795,4.815,4.398,3.541,4.342,4.298,4.32,4.919,3.884,4.538,4.752,4.306,3.228,3.908,5.466,4.894,3.91,3.563,4.867,5.23,4.993,5.228,4.207,2.91,3.727,3.303,4.279,4.611,2.929,2.847
3/20,4.3179,4.4944,4.2587,4.212,4.152,3.798,4.233,4.887,4.799,4.552,3.707,4.472,4.367,4.373,5.009,3.89,4.638,4.795,4.307,3.335,3.936,5.664,4.997,3.879,3.633,4.924,5.266,5.083,5.412,4.303,2.929,3.824,3.334,4.409,4.678,2.993,2.917
3/21,4.4279,4.5719,4.3292,4.319,4.3,3.878,4.265,4.974,4.986,4.609,3.851,4.6,4.497,4.449,5.064,3.951,4.748,4.839,4.428,3.393,3.993,5.873,4.981,3.881,3.669,5.019,5.329,5.205,5.437,4.402,2.978,3.945,3.427,4.488,4.827,3.087,2.953
3/22,4.5251,4.6386,4.4065,4.45,4.394,3.948,4.369,5.075,5.106,4.668,3.98,4.681,4.58,4.494,5.101,4.013,4.92,4.907,4.501,3.458,4.014,5.994,4.984,3.889,3.681,5.13,5.41,5.417,5.524,4.501,2.936,4.083,3.494,4.506,4.943,3.048,3.098
3/23,4.6187,4.7136,4.5158,4.543,4.558,4.059,4.441,5.164,5.194,4.791,4.067,4.713,4.657,4.563,5.195,4.016,5.008,5.001,4.57,3.564,4.084,6.047,5.088,3.957,3.813,5.167,5.476,5.464,5.655,4.668,2.977,4.319,3.662,4.559,5.048,3.075,3.278
3/24,4.7161,4.792,4.5942,4.671,4.725,4.212,4.541,5.253,5.272,4.818,4.152,4.764,4.753,4.618,5.259,4.146,5.073,5.102,4.634,3.69,4.173,6.089,5.136,4.093,3.85,5.177,5.562,5.607,5.743,4.818,3.056,4.398,3.638,4.681,5.135,3.246,3.461
3/25,4.8233,4.8706,4.6878,4.71,4.913,4.342,4.682,5.368,5.387,4.925,4.244,4.848,4.814,4.679,5.296,4.249,5.158,5.189,4.717,3.809,4.264,6.141,5.204,4.22,3.935,5.292,5.661,5.698,5.821,4.962,3.114,4.484,3.691,4.729,5.242,3.357,3.602
3/26,4.9408,4.9275,4.7817,4.838,5.091,4.423,4.834,5.487,5.484,5.073,4.259,4.984,4.935,4.752,5.362,4.282,5.168,5.172,4.814,3.853,4.352,6.155,5.365,4.339,3.939,5.415,5.706,5.854,5.926,5.099,3.194,4.561,3.784,4.858,5.272,3.494,3.737
3/27,5.0315,5.0233,4.8727,4.952,5.139,4.495,4.872,5.614,5.466,5.204,4.388,5.109,5.076,4.92,5.416,4.343,5.239,5.215,4.961,3.993,4.457,6.17,5.519,4.465,3.995,5.524,5.747,6.016,6.023,5.178,3.298,4.628,3.853,4.921,5.32,3.642,3.767
3/28,5.1045,5.0898,4.9772,5.062,5.225,4.581,4.872,5.734,5.499,5.339,4.432,5.185,5.116,5.022,5.465,4.334,5.331,5.254,5.055,4.088,4.561,6.224,5.564,4.589,4.054,5.658,5.841,6.183,6.117,5.335,3.378,4.704,3.913,4.97,5.418,3.788,3.831
3/29,5.2076,5.1829,5.0365,5.231,5.329,4.656,4.938,5.841,5.612,5.439,4.539,5.281,5.21,5.098,5.538,4.361,5.384,5.376,5.149,4.181,4.667,6.324,5.751,4.647,4.088,5.644,5.92,6.264,6.226,5.407,3.435,4.769,3.965,5.114,5.474,3.936,3.912
3/30,5.2851,5.3036,5.1256,5.285,5.461,4.782,5.051,5.875,5.606,5.554,4.577,5.396,5.264,5.169,5.603,4.577,5.49,5.479,5.288,4.299,4.816,6.434,5.881,4.812,4.188,5.725,5.996,6.334,6.291,5.535,3.485,4.846,4.044,5.179,5.54,4.008,4.031
3/31,5.363,5.3745,5.2235,5.414,5.506,4.914,5.146,5.921,5.73,5.641,4.651,5.366,5.341,5.252,5.651,4.579,5.548,5.603,5.348,4.416,4.903,6.463,5.982,4.919,4.279,5.805,6.068,6.481,6.409,5.664,3.576,4.868,4.166,5.304,5.674,4.148,4.124
4/1,5.4639,5.468,5.3231,5.571,5.558,5.061,5.159,6.001,5.814,5.7,4.812,5.497,5.466,5.349,5.726,4.612,5.616,5.748,5.49,4.495,4.899,6.673,6.072,5.048,4.372,5.912,6.2,6.579,6.598,5.717,3.653,4.93,4.222,5.391,5.784,4.292,4.3
4/2,5.5614,5.5568,5.4287,5.674,5.668,5.187,5.263,6.071,5.977,5.807,4.935,5.493,5.539,5.476,5.726,4.689,5.666,5.89,5.612,4.635,4.932,6.796,6.146,5.185,4.43,6.044,6.305,6.708,6.698,5.772,3.749,5.012,4.384,5.457,5.879,4.419,4.41
4/3,5.6665,5.6526,5.5259,5.824,5.818,5.3,5.388,6.134,6.113,5.87,5.133,5.485,5.6,5.534,5.78,4.723,5.803,5.999,5.669,4.776,5.028,6.937,6.277,5.319,4.505,6.077,6.388,6.869,6.738,5.879,3.943,5.069,4.472,5.551,5.954,4.469,4.454
4/4,5.7704,5.7635,5.6204,5.936,5.954,5.482,5.478,6.189,6.16,6.006,5.208,5.551,5.74,5.616,5.867,4.828,5.964,6.101,5.835,4.889,5.094,7.056,6.385,5.437,4.561,6.15,6.497,6.981,6.822,5.984,4.15,5.073,4.549,5.577,6.03,4.543,4.537
4/5,5.8639,5.8717,5.7209,6.052,6.045,5.611,5.58,6.233,6.225,6.058,5.335,5.635,5.865,5.764,5.927,4.967,6.086,6.237,5.934,4.937,5.191,7.184,6.49,5.565,4.687,6.231,6.596,7.097,6.92,6.058,4.237,5.111,4.707,5.68,6.083,4.658,4.602
4/6,5.9576,5.976,5.8284,6.127,6.14,5.777,5.642,6.31,6.34,6.158,5.445,5.667,5.97,5.813,6.021,5.185,6.166,6.315,6.016,5.018,5.328,7.314,6.584,5.641,4.868,6.23,6.703,7.224,7.047,6.152,4.325,5.212,4.882,5.742,6.157,4.772,4.709
4/7,6.0612,6.0847,5.9451,6.2,6.223,5.946,5.747,6.411,6.467,6.268,5.521,5.745,6.084,5.893,6.152,5.259,6.295,6.457,6.142,5.111,5.43,7.42,6.688,5.722,5.034,6.301,6.82,7.336,7.224,6.301,4.454,5.337,4.922,5.844,6.223,4.839,4.824
4/8,6.1648,6.1906,6.0479,6.263,6.334,6.038,5.874,6.493,6.619,6.403,5.618,5.83,6.176,6.075,6.238,5.421,6.392,6.55,6.26,5.164,5.538,7.481,6.787,5.805,5.127,6.374,6.958,7.502,7.392,6.354,4.569,5.412,4.986,5.931,6.31,4.902,4.891
4/9,6.2723,6.3138,6.1639,6.314,6.554,6.149,5.955,6.565,6.685,6.501,5.771,5.959,6.27,6.264,6.353,5.499,6.524,6.595,6.407,5.258,5.733,7.571,6.934,5.907,5.317,6.421,7.057,7.624,7.569,6.409,4.677,5.555,5.103,6.053,6.394,5.029,4.901
4/10,6.362,6.4362,6.2918,6.396,6.591,6.291,6.047,6.653,6.757,6.622,5.815,6.094,6.354,6.424,6.448,5.622,6.622,6.701,6.494,5.44,5.836,7.685,7.09,6.031,5.578,6.515,7.139,7.755,7.748,6.485,4.815,5.65,5.202,6.115,6.494,5.142,4.971
4/11,6.4641,6.5581,6.4053,6.529,6.675,6.353,6.191,6.81,6.819,6.742,5.879,6.179,6.464,6.594,6.553,5.738,6.768,6.839,6.531,5.56,5.911,7.777,7.31,6.114,5.726,6.741,7.239,7.939,7.774,6.547,4.958,5.716,5.299,6.226,6.59,5.257,5.106
4/12,6.576,6.6744,6.4892,6.688,6.74,6.477,6.314,6.877,6.899,6.909,6.047,6.244,6.565,6.755,6.606,5.833,6.844,6.999,6.656,5.64,6.055,7.891,7.465,6.213,5.794,6.86,7.322,8.036,7.875,6.615,5.007,5.763,5.407,6.32,6.693,5.405,5.215
4/13,6.6784,6.7965,6.5879,6.755,6.864,6.61,6.469,6.971,6.962,6.992,6.188,6.34,6.633,6.874,6.733,5.978,6.973,7.076,6.818,5.704,6.173,7.975,7.661,6.297,5.898,6.94,7.392,8.146,7.985,6.787,5.091,5.822,5.521,6.448,6.854,5.542,5.301
4/14,6.7893,6.8912,6.7027,6.862,6.991,6.687,6.558,7.074,7.085,7.055,6.331,6.501,6.749,6.994,6.845,6.074,6.989,7.127,6.993,5.829,6.208,8.068,7.785,6.437,5.971,7.092,7.509,8.203,8.111,6.938,5.22,5.937,5.609,6.424,6.967,5.687,5.373
4/15,6.8894,7.0017,6.8217,6.944,7.067,6.789,6.639,7.128,7.163,7.171,6.452,6.647,6.894,7.118,6.985,6.192,7.059,7.235,7.089,5.978,6.276,8.195,7.89,6.548,6.008,7.229,7.57,8.372,8.272,7.1,5.343,6.023,5.752,6.517,7.071,5.812,5.488
4/16,6.9878,7.1036,6.9546,7.006,7.085,6.889,6.702,7.184,7.277,7.291,6.614,6.849,6.981,7.247,7.099,6.283,7.199,7.361,7.125,6.034,6.404,8.286,7.998,6.667,6.104,7.413,7.634,8.566,8.455,7.201,5.425,6.151,5.93,6.583,7.124,5.956,5.505
4/17,7.1062,7.211,7.0773,7.106,7.153,6.959,6.838,7.327,7.391,7.404,6.717,7.005,7.162,7.324,7.192,6.428,7.236,7.501,7.146,6.196,6.567,8.438,8.082,6.827,6.277,7.475,7.733,8.69,8.614,7.327,5.586,6.241,6.003,6.712,7.29,6.077,5.566
4/18,7.2093,7.3346,7.1824,7.18,7.269,7.117,6.863,7.445,7.517,7.531,6.84,7.114,7.217,7.483,7.313,6.631,7.358,7.562,7.196,6.338,6.721,8.559,8.185,6.966,6.426,7.582,7.865,8.784,8.731,7.48,5.693,6.233,6.064,6.75,7.401,6.175,5.65
4/19,7.3047,7.4479,7.2786,7.323,7.36,7.202,6.905,7.565,7.599,7.654,6.971,7.208,7.26,7.621,7.427,6.762,7.464,7.6,7.367,6.412,6.853,8.727,8.246,7.068,6.561,7.664,7.949,8.904,8.864,7.536,5.835,6.289,6.116,6.817,7.543,6.339,5.721
4/20,7.3992,7.5757,7.3744,7.408,7.421,7.229,6.981,7.708,7.683,7.885,7.051,7.323,7.303,7.793,7.496,6.91,7.629,7.652,7.554,6.519,6.929,8.887,8.388,7.196,6.677,7.784,7.98,8.975,9.01,7.578,5.963,6.376,6.205,7.02,7.575,6.433,5.749
4/21,7.4868,7.6921,7.491,7.458,7.562,7.324,7.072,7.755,7.801,7.983,7.077,7.465,7.371,7.92,7.608,7.059,7.805,7.758,7.636,6.605,7.071,8.957,8.502,7.357,6.753,7.965,8.055,9.063,9.194,7.658,6.135,6.458,6.272,7.087,7.701,6.506,5.853
4/22,7.5875,7.7986,7.5573,7.498,7.634,7.453,7.188,7.828,7.917,7.988,7.22,7.693,7.456,8.043,7.691,7.139,7.945,7.912,7.719,6.682,7.218,9.052,8.585,7.448,6.89,8.002,8.177,9.065,9.245,7.767,6.227,6.496,6.256,7.159,7.765,6.673,6.007
4/23,7.6983,7.9028,7.6687,7.691,7.695,7.573,7.334,7.882,8.02,8.075,7.295,7.875,7.543,8.126,7.755,7.298,8.101,8.053,7.83,6.79,7.247,9.121,8.707,7.586,6.989,8.141,8.313,9.138,9.334,7.87,6.357,6.566,6.393,7.313,7.867,6.792,6.099
4/24,7.8286,8.0043,7.7897,7.849,7.829,7.683,7.507,7.999,8.111,8.235,7.361,8.036,7.676,8.21,7.925,7.421,8.151,8.075,7.901,6.941,7.367,9.243,8.809,7.755,7.095,8.266,8.433,9.263,9.476,7.963,6.473,6.667,6.506,7.478,7.959,6.943,6.191
4/25,7.9431,8.0953,7.9079,8.037,7.924,7.821,7.632,8.1,8.192,8.38,7.499,8.083,7.763,8.336,8.049,7.468,8.284,8.156,7.993,7.021,7.488,9.235,8.923,7.938,7.23,8.382,8.576,9.331,9.622,8.138,6.543,6.744,6.575,7.645,8.048,7.026,6.314
4/26,8.0396,8.2046,8.0328,8.131,8.009,7.919,7.746,8.161,8.303,8.437,7.639,8.156,7.895,8.419,8.224,7.669,8.403,8.29,8.097,7.092,7.574,9.217,9.061,8.107,7.396,8.493,8.624,9.46,9.788,8.273,6.725,6.807,6.655,7.796,8.156,7.19,6.351
4/27,8.1784,8.3114,8.1268,8.239,8.153,8.063,7.884,8.3,8.397,8.624,7.793,8.314,8.017,8.581,8.246,7.815,8.554,8.43,8.214,7.173,7.687,9.281,9.133,8.117,7.462,8.612,8.726,9.55,9.865,8.367,6.865,6.94,6.764,7.927,8.32,7.273,6.433
4/28,8.2974,8.4205,8.2134,8.259,8.307,8.2,8.082,8.365,8.531,8.75,7.919,8.454,8.107,8.698,8.322,7.937,8.665,8.602,8.3,7.269,7.824,9.377,9.211,8.208,7.579,8.702,8.848,9.62,9.966,8.417,6.928,7.026,6.84,8.056,8.468,7.377,6.592
4/29,8.3971,8.5312,8.3231,8.313,8.386,8.272,8.187,8.499,8.575,8.883,8.076,8.552,8.228,8.787,8.441,8.15,8.775,8.749,8.413,7.355,7.977,9.384,9.281,8.392,7.731,8.803,8.937,9.698,10.095,8.491,7.03,7.129,6.925,8.061,8.58,7.502,6.685
4/30,8.5132,8.6122,8.4342,8.363,8.595,8.361,8.323,8.609,8.63,9.016,8.208,8.621,8.406,8.838,8.58,8.245,8.912,8.823,8.522,7.451,7.989,9.482,9.28,8.562,7.852,8.876,9.134,9.812,10.164,8.566,7.102,7.25,7.024,8.191,8.692,7.631,6.76
5/1,8.6232,8.7216,8.5396,8.357,8.692,8.507,8.496,8.733,8.64,9.138,8.32,8.719,8.63,8.963,8.759,8.34,9.015,8.901,8.667,7.594,8.024,9.614,9.339,8.672,8.005,8.951,9.186,9.949,10.278,8.635,7.183,7.392,7.145,8.338,8.828,7.74,6.831
5/2,8.7243,8.8359,8.662,8.356,8.844,8.592,8.641,8.847,8.68,9.294,8.503,8.783,8.703,9.102,8.887,8.411,9.172,9.045,8.763,7.738,8.087,9.716,9.438,8.792,8.194,9.111,9.309,10.043,10.381,8.734,7.343,7.501,7.212,8.411,8.882,7.817,6.967
5/3,8.8299,8.9352,8.7976,8.401,8.926,8.633,8.727,8.968,8.809,9.441,8.703,8.938,8.753,9.269,8.977,8.502,9.288,9.142,8.795,7.844,8.131,9.87,9.534,8.893,8.32,9.225,9.457,10.243,10.468,8.891,7.501,7.608,7.37,8.492,9.014,7.915,7.055
5/4,8.9595,9.0368,8.922,8.506,9.023,8.749,8.885,9.037,8.964,9.628,8.834,9.077,8.892,9.368,9.116,8.57,9.385,9.264,8.909,7.944,8.208,9.963,9.641,9.036,8.4,9.27,9.568,10.456,10.574,9.002,7.616,7.724,7.574,8.55,9.133,8.059,7.171
5/5,9.0795,9.1527,9.0326,8.61,9.148,8.865,9.025,9.159,9.112,9.766,8.888,9.224,8.998,9.527,9.227,8.692,9.479,9.383,9.019,8.089,8.29,10.074,9.747,9.159,8.483,9.373,9.662,10.582,10.636,9.101,7.699,7.974,7.657,8.603,9.28,8.174,7.279
5/6,9.1802,9.2511,9.1406,8.693,9.24,8.953,9.123,9.308,9.216,9.87,8.978,9.311,9.11,9.658,9.396,8.724,9.594,9.396,9.158,8.168,8.352,10.17,9.895,9.352,8.632,9.472,9.765,10.613,10.753,9.154,7.827,8.165,7.673,8.723,9.368,8.321,7.38
5/7,9.2991,9.3432,9.2736,8.821,9.307,9.015,9.287,9.449,9.366,10.015,9.135,9.389,9.207,9.74,9.514,8.785,9.672,9.475,9.237,8.272,8.468,10.265,10.004,9.547,8.788,9.673,9.957,10.644,10.869,9.262,7.961,8.242,7.793,8.852,9.555,8.457,7.495
5/8,9.4279,9.4675,9.3804,8.905,9.412,9.146,9.384,9.582,9.546,10.151,9.304,9.502,9.347,9.905,9.641,8.853,9.739,9.579,9.427,8.396,8.644,10.372,10.119,9.604,8.872,9.779,10.057,10.768,11.031,9.316,8.099,8.355,7.923,8.965,9.683,8.595,7.605
5/9,9.5193,9.5875,9.4997,8.953,9.574,9.227,9.327,9.692,9.669,10.257,9.404,9.61,9.48,10.079,9.788,8.927,9.788,9.681,9.578,8.576,8.769,10.45,10.239,9.646,9.074,9.908,10.189,10.931,11.158,9.409,8.205,8.461,8.016,9.095,9.778,8.742,7.739
5/10,9.6092,9.6689,9.6128,8.982,9.681,9.29,9.334,9.79,9.839,10.277,9.532,9.749,9.618,10.233,9.805,8.983,9.887,9.775,9.65,8.665,8.862,10.506,10.323,9.757,9.274,10.011,10.329,10.891,11.227,9.532,8.345,8.615,8.147,9.199,9.905,8.751,7.822
5/11,9.7161,9.7562,9.7056,9.072,9.78,9.369,9.474,9.912,9.968,10.307,9.659,9.8,9.82,10.318,9.823,9.004,10.035,9.918,9.729,8.731,9.019,10.559,10.426,9.878,9.474,9.958,10.432,10.975,11.278,9.546,8.494,8.733,8.288,9.261,10.008,8.817,7.939
5/12,9.8261,9.8802,9.8185,9.123,9.964,9.464,9.653,9.995,10.024,10.373,9.793,9.937,9.935,10.499,9.916,9.065,10.198,10.063,9.815,8.846,9.191,10.613,10.596,10.037,9.689,10.037,10.608,11.076,11.293,9.602,8.603,8.862,8.378,9.356,10.066,8.979,8.123
5/13,9.921,9.9852,9.9397,9.272,10.071,9.619,9.739,10.109,10.121,10.464,9.849,9.977,9.989,10.623,9.997,9.137,10.293,10.123,9.944,8.973,9.322,10.713,10.727,10.207,9.819,10.147,10.7,11.15,11.395,9.656,8.74,9.086,8.497,9.489,10.154,9.137,8.194
5/14,10.0455,10.1066,10.0465,9.464,10.165,9.773,9.881,10.208,10.278,10.508,9.965,10.165,10.048,10.797,10.13,9.182,10.348,10.244,10.078,9.088,9.48,10.875,10.844,10.293,9.931,10.232,10.777,11.217,11.545,9.787,8.921,9.163,8.599,9.519,10.235,9.238,8.239
5/15,10.1655,10.1862,10.1576,9.568,10.297,9.862,10.016,10.342,10.399,10.698,10.09,10.332,10.051,10.87,10.205,9.248,10.498,10.344,10.109,9.125,9.533,10.986,10.944,10.425,10.053,10.343,10.85,11.344,11.672,9.876,9.063,9.27,8.68,9.594,10.379,9.37,8.311
5/16,10.2807,10.2791,10.2748,9.676,10.436,9.959,10.167,10.466,10.5,10.836,10.154,10.488,10.125,10.981,10.316,9.327,10.601,10.422,10.132,9.285,9.649,11.042,11.036,10.572,10.225,10.496,10.944,11.396,11.807,9.974,9.166,9.334,8.834,9.673,10.459,9.505,8.39
5/17,10.3886,10.4005,10.3861,9.708,10.588,10.097,10.313,10.558,10.587,10.956,10.275,10.545,10.259,11.095,10.421,9.508,10.768,10.416,10.313,9.422,9.754,11.13,11.178,10.663,10.349,10.56,11.042,11.479,11.932,10.111,9.324,9.413,8.988,9.841,10.525,9.572,8.388
5/18,10.4866,10.5099,10.4878,9.757,10.652,10.228,10.368,10.725,10.684,11.045,10.364,10.742,10.301,11.21,10.571,9.609,10.919,10.464,10.535,9.556,9.826,11.205,11.204,10.803,10.378,10.628,11.132,11.638,11.948,10.257,9.431,9.585,9.078,10.021,10.624,9.65,8.457
5/19,10.6147,10.6132,10.6183,9.894,10.752,10.386,10.416,10.905,10.771,11.184,10.52,10.857,10.462,11.297,10.633,9.722,11.048,10.683,10.635,9.688,9.91,11.286,11.23,10.955,10.524,10.756,11.273,11.905,11.973,10.31,9.475,9.772,9.24,10.168,10.68,9.746,8.614
5/20,10.7244,10.7447,10.7233,10.02,10.79,10.457,10.513,11.032,10.911,11.365,10.639,10.908,10.609,11.476,10.75,9.853,11.24,10.855,10.739,9.812,10.053,11.38,11.289,11.039,10.656,10.828,11.397,11.979,12.012,10.493,9.566,9.915,9.348,10.292,10.712,9.874,8.726
5/21,10.8599,10.8687,10.85,10.225,10.867,10.567,10.655,11.14,11.065,11.482,10.803,10.982,10.813,11.655,10.84,10.006,11.465,10.875,10.898,9.979,10.199,11.454,11.316,11.156,10.769,10.956,11.534,12.116,12.189,10.546,9.568,10.11,9.556,10.397,10.842,9.932,8.875
5/22,10.9399,10.9857,10.9755,10.446,10.897,10.637,10.745,11.141,11.112,11.591,10.891,10.967,10.972,11.807,10.953,10.123,11.491,10.953,11.036,10.13,10.403,11.566,11.395,11.383,10.957,11.011,11.651,12.227,12.287,10.696,9.651,10.233,9.659,10.598,10.936,9.996,8.977
5/23,10.9892,11.1087,11.0695,10.509,10.931,10.623,10.841,11.139,11.198,11.691,10.9,10.992,11.068,11.906,10.999,10.297,11.541,11.075,11.153,10.386,10.549,11.667,11.514,11.629,11.079,11.049,11.752,12.32,12.393,10.726,9.779,10.233,9.735,10.708,11.001,10.001,9.094
5/24,11.0902,11.2365,11.1835,10.565,11.026,10.648,10.932,11.208,11.375,11.876,11.025,11.06,11.187,11.96,11.144,10.321,11.71,11.207,11.38,10.563,10.625,11.784,11.671,11.769,11.3,11.132,11.852,12.465,12.515,10.767,9.916,10.273,9.846,10.782,11.1,10.072,9.206
5/25,11.192,11.3467,11.2601,10.678,11.13,10.773,11.039,11.277,11.484,11.992,11.159,11.12,11.268,12.035,11.227,10.373,11.826,11.423,11.428,10.708,10.696,11.921,11.83,11.947,11.316,11.24,11.936,12.469,12.61,10.867,9.994,10.314,9.908,10.943,11.255,10.177,9.278
5/26,11.2859,11.4524,11.3462,10.8,11.206,10.808,11.175,11.358,11.542,12.147,11.214,11.217,11.392,12.132,11.342,10.373,11.92,11.649,11.427,10.85,10.819,12.04,11.972,12.039,11.371,11.306,12.04,12.515,12.692,10.965,10.075,10.446,10.013,10.99,11.494,10.239,9.254
5/27,11.3874,11.5528,11.45,10.979,11.289,10.878,11.23,11.445,11.652,12.262,11.275,11.322,11.542,12.241,11.39,10.426,12.063,11.836,11.495,11.045,10.93,12.068,12.034,12.272,11.495,11.531,12.137,12.562,12.763,10.932,10.169,10.534,10.105,11.151,11.587,10.348,9.305
5/28,11.4831,11.6786,11.561,11.122,11.346,11.01,11.354,11.536,11.695,12.295,11.316,11.463,11.694,12.362,11.463,10.485,12.256,12.072,11.607,11.146,11.066,12.158,12.171,12.427,11.663,11.677,12.138,12.677,12.83,11.055,10.281,10.762,10.1,11.386,11.644,10.416,9.433
5/29,11.571,11.7871,11.6397,11.133,11.413,11.068,11.433,11.681,11.809,12.367,11.356,11.618,11.832,12.431,11.565,10.605,12.377,12.111,11.668,11.345,11.231,12.225,12.313,12.524,11.798,11.752,12.146,12.71,12.91,11.097,10.363,10.845,10.252,11.454,11.689,10.447,9.514
5/30,11.6801,11.8815,11.72,11.23,11.542,11.137,11.455,11.907,11.906,12.517,11.457,11.672,11.978,12.457,11.664,10.656,12.544,12.075,11.787,11.52,11.402,12.373,12.337,12.618,11.934,11.839,12.278,12.781,12.886,11.114,10.448,10.94,10.362,11.519,11.751,10.483,9.636
5/31,11.7924,11.9802,11.8283,11.354,11.674,11.328,11.589,11.999,11.958,12.626,11.538,11.716,12.142,12.542,11.768,10.751,12.65,12.122,11.842,11.66,11.59,12.485,12.392,12.723,12.053,11.916,12.414,12.979,12.895,11.128,10.623,11.102,10.45,11.634,11.857,10.492,9.748
6/1,11.9042,12.0829,11.9546,11.495,11.697,11.426,11.746,12.108,12.099,12.77,11.644,11.775,12.282,12.582,11.905,10.828,12.721,12.262,11.967,11.809,11.752,12.563,12.44,12.888,12.213,11.984,12.538,13.115,12.972,11.268,10.753,11.282,10.533,11.778,11.947,10.573,9.845
6/2,12.012,12.1841,12.0599,11.669,11.727,11.518,11.856,12.162,12.204,12.882,11.872,11.87,12.36,12.609,12.046,10.944,12.786,12.359,12.063,11.897,11.89,12.718,12.529,12.969,12.241,12.064,12.691,13.242,13.059,11.426,10.831,11.402,10.674,11.866,12.032,10.738,9.982
6/3,12.1086,12.2707,12.1593,11.763,11.866,11.568,12.005,12.23,12.283,12.892,12.038,11.992,12.449,12.634,12.083,11.068,12.864,12.567,12.11,11.954,11.966,12.801,12.66,13.016,12.197,12.184,12.89,13.363,13.174,11.536,11.026,11.475,10.732,12,12.135,10.92,10.145
6/4,12.2038,12.3506,12.2901,11.825,11.95,11.651,12.104,12.325,12.432,12.936,12.072,12.191,12.552,12.769,12.112,11.166,12.944,12.613,12.146,12.087,12.033,12.892,12.744,13.148,12.275,12.315,13.094,13.426,13.256,11.679,11.184,11.623,10.901,12.082,12.222,11.094,10.227
6/5,12.3187,12.4296,12.4038,11.913,12.119,11.819,12.21,12.468,12.55,12.928,12.102,12.425,12.653,12.965,12.143,11.299,13.008,12.638,12.156,12.129,12.147,12.972,12.839,13.288,12.419,12.379,13.187,13.533,13.354,11.775,11.33,11.672,11.101,12.203,12.333,11.211,10.238
6/6,12.428,12.5457,12.5244,12.057,12.159,11.905,12.348,12.634,12.668,12.987,12.22,12.548,12.754,13.11,12.314,11.446,13.145,12.7,12.252,12.174,12.241,13.138,12.937,13.41,12.559,12.546,13.299,13.621,13.403,11.972,11.441,11.761,11.232,12.325,12.426,11.301,10.287
6/7,12.5189,12.6582,12.6332,12.181,12.29,11.969,12.531,12.798,12.705,13.006,12.286,12.604,12.819,13.265,12.56,11.454,13.235,12.78,12.384,12.352,12.318,13.193,13.041,13.489,12.6,12.597,13.386,13.745,13.581,12.164,11.595,11.829,11.346,12.447,12.554,11.364,10.382
6/8,12.5936,12.7735,12.7394,12.239,12.404,11.998,12.607,12.9,12.72,13.091,12.386,12.674,12.917,13.384,12.656,11.526,13.331,12.937,12.473,12.531,12.408,13.31,13.179,13.596,12.656,12.704,13.441,13.865,13.622,12.253,11.755,12.032,11.47,12.467,12.666,11.479,10.527
6/9,12.6979,12.9007,12.8544,12.28,12.592,12.094,12.678,12.959,12.769,13.227,12.545,12.71,13.125,13.467,12.761,11.598,13.435,13.055,12.645,12.725,12.539,13.407,13.375,13.736,12.727,12.864,13.546,13.892,13.764,12.383,11.912,12.161,11.559,12.584,12.829,11.508,10.52
6/10,12.7904,13.005,12.9704,12.339,12.686,12.219,12.74,12.969,12.863,13.323,12.669,12.776,13.32,13.457,12.824,11.701,13.547,13.142,12.782,12.839,12.655,13.546,13.557,13.84,12.871,12.987,13.633,13.964,13.873,12.549,12.033,12.308,11.646,12.775,12.964,11.641,10.597
6/11,12.8717,13.148,13.0651,12.458,12.825,12.29,12.85,13.04,12.886,13.354,12.794,12.808,13.412,13.633,12.96,11.807,13.691,13.339,12.92,12.973,12.829,13.699,13.629,13.973,12.994,13.077,13.684,14.093,13.969,12.592,12.094,12.424,11.751,12.916,13.105,11.723,10.691
6/12,12.9422,13.2569,13.1593,12.599,12.831,12.437,12.91,13.129,12.896,13.467,12.875,12.833,13.445,13.78,13.149,11.887,13.695,13.434,13.048,13.125,12.948,13.837,13.666,14.022,13.068,13.159,13.72,14.233,14.077,12.768,12.089,12.572,11.885,13.009,13.222,11.819,10.737
6/13,13.0261,13.3432,13.2684,12.767,12.886,12.521,12.954,13.23,13.02,13.73,12.854,12.837,13.462,13.861,13.256,11.981,13.792,13.581,13.07,13.25,12.997,13.911,13.733,14.083,13.198,13.261,13.871,14.303,14.196,12.93,12.171,12.685,11.986,13.118,13.363,11.913,10.774
6/14,13.0944,13.4616,13.3917,12.865,12.965,12.7,12.99,13.3,13.064,13.83,12.794,12.933,13.503,13.887,13.396,12.064,13.963,13.733,13.234,13.359,13.093,14.021,13.866,14.155,13.35,13.418,13.993,14.415,14.34,13.1,12.295,12.845,12.006,13.279,13.544,12.05,10.856
6/15,13.1787,13.5438,13.5272,13.033,13.07,12.765,13.032,13.389,13.107,13.877,12.874,13.058,13.582,13.938,13.465,12.203,13.986,13.867,13.318,13.423,13.228,14.082,13.928,14.263,13.443,13.517,14.168,14.571,14.47,13.295,12.5,12.963,12.082,13.409,13.631,12.137,10.849
6/16,13.2892,13.6353,13.6223,13.247,13.139,12.841,13.082,13.526,13.112,13.972,13.06,13.23,13.683,14.023,13.6,12.363,14.091,13.941,13.337,13.479,13.392,14.162,13.965,14.413,13.424,13.621,14.377,14.703,14.533,13.322,12.565,13.108,12.157,13.471,13.725,12.227,10.974
6/17,13.3834,13.7298,13.7362,13.409,13.18,12.881,13.108,13.639,13.165,14.126,13.236,13.412,13.678,14.118,13.647,12.512,14.18,14.026,13.422,13.555,13.523,14.235,14.08,14.598,13.515,13.782,14.497,14.831,14.656,13.441,12.659,13.139,12.244,13.481,13.872,12.362,11.146
6/18,13.5031,13.829,13.8432,13.5,13.163,13.092,13.268,13.84,13.293,14.204,13.388,13.587,13.696,14.171,13.737,12.664,14.312,14.094,13.48,13.599,13.658,14.352,14.223,14.771,13.602,13.877,14.602,15.014,14.795,13.518,12.747,13.106,12.4,13.536,13.846,12.438,11.26
6/19,13.6058,13.9117,13.9254,13.629,13.29,13.221,13.395,13.972,13.368,14.231,13.406,13.716,13.83,14.291,13.882,12.753,14.298,14.151,13.509,13.701,13.782,14.457,14.293,14.825,13.679,13.973,14.604,15.084,14.94,13.629,12.723,13.197,12.6,13.576,13.886,12.483,11.289
6/20,13.7243,14.0003,14.0327,13.77,13.368,13.255,13.497,14.17,13.617,14.356,13.523,13.8,13.887,14.334,14.005,12.836,14.3,14.259,13.539,13.845,13.894,14.576,14.415,14.916,13.744,14.081,14.57,15.186,15.039,13.823,12.868,13.336,12.764,13.71,13.966,12.528,11.357
6/21,13.8273,14.0949,14.1459,13.889,13.522,13.2,13.599,14.31,13.749,14.443,13.658,13.905,13.998,14.352,14.094,12.959,14.35,14.388,13.741,13.881,14.028,14.679,14.477,14.99,13.834,14.165,14.664,15.401,15.156,13.876,12.978,13.482,12.913,13.834,14.114,12.5,11.488
6/22,13.935,14.2074,14.2395,13.974,13.692,13.269,13.694,14.438,13.905,14.481,13.679,14.085,14.133,14.47,14.178,13.161,14.431,14.526,13.865,13.954,14.132,14.782,14.575,15.107,13.916,14.268,14.759,15.533,15.233,13.946,13.036,13.573,13.024,13.983,14.183,12.587,11.536
6/23,14.0292,14.3381,14.3514,14.013,13.773,13.467,13.76,14.474,14.02,14.599,13.768,14.187,14.231,14.57,14.297,13.396,14.577,14.675,14.016,14.042,14.296,14.874,14.638,15.22,14.007,14.365,14.832,15.592,15.317,14.076,13.197,13.744,13.164,14.093,14.289,12.694,11.61
6/24,14.1258,14.4323,14.4077,14.097,13.879,13.607,13.848,14.513,14.073,14.695,13.883,14.273,14.39,14.61,14.368,13.466,14.74,14.726,14.215,14.199,14.261,14.968,14.77,15.341,14.009,14.424,14.887,15.645,15.349,14.117,13.239,13.821,13.245,14.123,14.374,12.749,11.669
6/25,14.2214,14.4899,14.5144,14.117,14.006,13.697,14.001,14.537,14.122,14.707,14.053,14.348,14.626,14.635,14.326,13.455,14.774,14.752,14.391,14.333,14.304,15.051,14.878,15.479,14.06,14.526,15.017,15.796,15.421,14.171,13.314,13.919,13.441,14.146,14.568,12.95,11.727
6/26,14.3298,14.544,14.6153,14.231,14.091,13.922,14.081,14.693,14.241,14.737,14.176,14.446,14.68,14.598,14.361,13.594,14.917,14.784,14.406,14.412,14.333,15.109,14.926,15.614,14.099,14.615,15.146,15.907,15.509,14.243,13.398,14.022,13.6,14.236,14.698,13.09,11.846
6/27,14.4104,14.5977,14.6989,14.224,14.154,14.072,14.185,14.7,14.363,14.799,14.32,14.497,14.79,14.649,14.436,13.634,14.979,14.857,14.478,14.507,14.366,15.09,14.981,15.67,14.226,14.76,15.221,15.984,15.612,14.31,13.456,14.087,13.663,14.337,14.883,13.261,11.894
6/28,14.4658,14.6787,14.7955,14.237,14.155,14.209,14.27,14.723,14.4,14.795,14.371,14.547,14.951,14.753,14.595,13.676,15.062,14.987,14.511,14.63,14.495,15.157,14.921,15.733,14.287,14.891,15.34,16.084,15.743,14.429,13.555,14.188,13.705,14.418,14.94,13.365,11.917
6/29,14.5459,14.7489,14.9078,14.289,14.223,14.284,14.441,14.781,14.461,14.815,14.449,14.641,15.075,14.864,14.67,13.855,15.155,15.071,14.569,14.744,14.507,15.098,14.956,15.838,14.358,14.983,15.488,16.153,15.866,14.52,13.714,14.342,13.816,14.49,14.948,13.459,11.98
6/30,14.6225,14.8413,14.9943,14.378,14.268,14.358,14.625,14.847,14.541,14.851,14.486,14.689,15.182,15.002,14.716,13.977,15.252,15.156,14.698,14.835,14.604,15.17,15.003,15.915,14.428,15.013,15.5,16.306,15.968,14.656,13.805,14.459,13.893,14.541,14.985,13.605,12.163
7/1,14.7209,14.9345,15.0677,14.469,14.418,14.53,14.686,14.933,14.665,14.922,14.523,14.791,15.272,15.127,14.821,14.061,15.333,15.197,14.831,14.925,14.785,15.155,15.11,16.004,14.496,15.05,15.575,16.401,15.979,14.759,13.883,14.588,13.942,14.614,15.071,13.679,12.326
7/2,14.7665,15.034,15.1457,14.553,14.423,14.474,14.725,14.964,14.792,14.961,14.656,14.784,15.333,15.198,14.933,14.104,15.461,15.27,14.977,14.994,14.925,15.239,15.239,16.084,14.595,15.122,15.607,16.449,16.042,14.851,14.027,14.694,13.986,14.687,15.218,13.81,12.304
7/3,14.8566,15.1036,15.2109,14.604,14.452,14.489,14.824,15.055,14.91,15.065,14.837,14.965,15.365,15.213,15.045,14.17,15.511,15.403,15.016,15.04,14.974,15.369,15.295,16.089,14.632,15.311,15.672,16.512,16.101,14.819,14.172,14.744,14.057,14.804,15.345,13.925,12.308
7/4,14.9617,15.1487,15.2841,14.75,14.472,14.6,14.946,15.201,14.974,15.203,14.987,15.092,15.392,15.401,15.097,14.318,15.556,15.44,14.957,15.086,14.942,15.421,15.269,16.174,14.668,15.332,15.755,16.601,16.198,14.854,14.264,14.83,14.165,14.956,15.392,13.967,12.301
7/5,15.0208,15.2113,15.3834,14.777,14.599,14.728,14.937,15.365,15.027,15.217,15.057,15.084,15.417,15.476,15.079,14.469,15.609,15.442,15.028,15.226,14.94,15.48,15.364,16.271,14.682,15.441,15.914,16.627,16.332,14.996,14.369,14.885,14.317,15.066,15.506,14.056,12.332
7/6,15.0772,15.3178,15.4747,14.792,14.612,14.755,14.985,15.548,15.081,15.236,15.123,15.161,15.479,15.585,15.162,14.639,15.75,15.498,15.156,15.389,14.994,15.555,15.45,16.379,14.768,15.584,15.988,16.627,16.397,15.148,14.478,14.98,14.398,15.126,15.648,14.133,12.363
7/7,15.1706,15.4196,15.5557,14.836,14.705,14.93,15.08,15.643,15.147,15.349,15.164,15.294,15.558,15.685,15.291,14.737,15.753,15.577,15.294,15.492,15.106,15.66,15.601,16.423,14.776,15.649,16.139,16.632,16.467,15.413,14.574,15.038,14.446,15.159,15.74,14.173,12.505
7/8,15.2546,15.488,15.6255,14.877,14.789,15.232,15.098,15.611,15.164,15.423,15.246,15.374,15.732,15.73,15.385,14.751,15.836,15.661,15.322,15.64,15.172,15.631,15.752,16.433,14.747,15.759,16.232,16.642,16.526,15.559,14.653,15.127,14.577,15.249,15.841,14.315,12.667
7/9,15.3228,15.5678,15.6828,14.909,14.858,15.376,15.247,15.604,15.231,15.416,15.303,15.447,15.837,15.861,15.457,14.776,15.892,15.824,15.396,15.624,15.332,15.602,15.914,16.485,14.821,15.883,16.33,16.533,16.609,15.604,14.632,15.284,14.647,15.325,15.83,14.387,12.852
7/10,15.4144,15.6381,15.7601,15.03,14.974,15.431,15.492,15.667,15.37,15.485,15.345,15.441,15.909,15.829,15.541,14.85,16.024,15.969,15.454,15.689,15.421,15.566,16.038,16.586,14.936,15.968,16.435,16.489,16.666,15.683,14.722,15.344,14.772,15.417,15.913,14.532,12.864
7/11,15.4888,15.7053,15.8526,15.106,15.011,15.586,15.589,15.76,15.416,15.568,15.432,15.458,15.962,15.786,15.636,14.961,16.025,16.132,15.601,15.736,15.385,15.669,16.122,16.683,15.094,16.078,16.511,16.494,16.756,15.795,14.804,15.405,14.906,15.391,15.881,14.616,12.944
7/12,15.6105,15.8003,15.9522,15.276,15.061,15.709,15.779,15.887,15.53,15.721,15.573,15.49,16.079,15.771,15.607,15.136,16.036,16.291,15.871,15.788,15.417,15.817,16.269,16.816,15.302,16.163,16.519,16.665,16.761,15.907,14.889,15.494,15.006,15.414,15.922,14.627,13.06
7/13,15.6991,15.8837,16.0202,15.351,15.122,15.795,15.849,15.995,15.566,15.862,15.712,15.556,16.183,15.868,15.635,15.224,16.122,16.297,16.043,15.913,15.488,15.897,16.35,16.942,15.383,16.171,16.692,16.712,16.7,15.992,14.969,15.601,15.04,15.455,16.072,14.657,13.187
7/14,15.7723,15.9596,16.0692,15.428,15.198,15.799,15.883,16.11,15.7,15.911,15.806,15.665,16.223,15.937,15.72,15.336,16.18,16.294,16.123,15.902,15.636,16.118,16.35,17.002,15.415,16.204,16.768,16.76,16.7,16.047,14.992,15.662,15.142,15.57,16.223,14.661,13.27
7/15,15.851,16.0179,16.1272,15.453,15.329,15.912,15.811,16.275,15.754,16.021,15.873,15.86,16.222,15.961,15.789,15.487,16.229,16.335,16.184,15.919,15.784,16.171,16.32,17.013,15.57,16.268,16.802,16.803,16.746,16.067,15.009,15.695,15.299,15.633,16.386,14.782,13.403
7/16,15.9401,16.097,16.1982,15.503,15.451,16.023,15.881,16.391,15.732,16.198,15.941,16.008,16.273,16.082,15.779,15.481,16.351,16.406,16.186,16.033,15.883,16.27,16.499,17.011,15.789,16.386,16.917,16.845,16.758,16.08,15.068,15.712,15.416,15.634,16.547,14.855,13.636
7/17,16.0116,16.1583,16.2612,15.601,15.546,16.031,15.914,16.476,15.722,16.35,15.992,16.101,16.383,16.121,15.775,15.497,16.466,16.45,16.287,16.11,15.949,16.29,16.638,17.011,15.849,16.481,16.899,16.873,16.744,16.109,15.198,15.828,15.62,15.726,16.633,15.065,13.773
7/18,16.0694,16.2184,16.3383,15.694,15.63,16.129,15.893,16.525,15.711,16.438,16.024,16.198,16.452,16.158,15.804,15.598,16.564,16.525,16.382,16.173,16.038,16.368,16.574,17.044,15.985,16.564,16.893,17.017,16.809,16.113,15.369,15.89,15.699,15.813,16.739,15.207,13.825
7/19,16.1767,16.3031,16.4094,15.75,15.826,16.219,16.096,16.629,15.746,16.58,16.168,16.288,16.465,16.309,15.832,15.75,16.692,16.622,16.548,16.31,16.12,16.418,16.43,17.187,16.103,16.546,16.962,17.167,16.774,16.191,15.582,15.919,15.663,15.868,16.927,15.357,13.866
7/20,16.2783,16.3888,16.4669,15.933,15.963,16.31,16.158,16.793,15.859,16.673,16.259,16.321,16.514,16.306,15.939,15.871,16.745,16.718,16.659,16.429,16.257,16.527,16.437,17.252,16.256,16.541,17.112,17.276,16.801,16.2,15.702,15.953,15.576,15.977,16.809,15.386,13.993
7/21,16.3712,16.4741,16.5409,15.99,16.158,16.455,16.158,16.938,15.926,16.709,16.379,16.386,16.613,16.342,16.053,15.945,16.873,16.747,16.744,16.521,16.411,16.613,16.492,17.242,16.418,16.577,17.253,17.411,16.853,16.184,15.84,15.979,15.652,15.977,16.894,15.4,14.092
7/22,16.4821,16.5339,16.6176,16.117,16.377,16.516,16.262,17.044,16.083,16.813,16.439,16.422,16.748,16.313,16.162,16.03,16.97,16.798,16.776,16.638,16.553,16.546,16.553,17.233,16.459,16.623,17.316,17.52,16.881,16.231,15.969,16.141,15.803,16.114,17.064,15.483,14.074
7/23,16.5532,16.6141,16.6813,16.173,16.446,16.571,16.393,17.097,16.234,16.75,16.545,16.411,16.912,16.429,16.302,16.056,17.022,16.856,16.836,16.814,16.701,16.507,16.618,17.252,16.476,16.784,17.242,17.639,16.919,16.359,15.996,16.211,15.935,16.222,17.186,15.504,14.118
7/24,16.638,16.6873,16.747,16.213,16.44,16.672,16.529,17.177,16.403,16.706,16.672,16.548,17.02,16.494,16.376,16.192,17.085,16.836,16.934,16.925,16.85,16.494,16.687,17.238,16.52,16.871,17.287,17.757,17.039,16.471,16.039,16.242,16.006,16.272,17.254,15.436,14.196
7/25,16.6947,16.7279,16.8496,16.301,16.463,16.671,16.577,17.198,16.482,16.819,16.76,16.651,17.025,16.566,16.431,16.298,17.129,16.807,16.989,17.005,16.91,16.404,16.74,17.318,16.662,17.006,17.393,17.822,17.186,16.576,16.074,16.287,16.172,16.383,17.288,15.452,14.323
7/26,16.7637,16.7707,16.952,16.341,16.482,16.82,16.66,17.168,16.508,16.927,16.868,16.792,17.071,16.597,16.579,16.331,17.134,16.861,17.023,17.012,16.904,16.428,16.838,17.391,16.87,17.112,17.545,17.916,17.257,16.626,16.277,16.32,16.206,16.426,17.336,15.479,14.362
7/27,16.8163,16.8344,17.0009,16.424,16.562,16.931,16.806,17.125,16.5,17.018,16.893,16.904,17,16.64,16.725,16.319,17.11,17.013,17.135,17.037,17.002,16.455,16.908,17.44,16.918,17.053,17.66,17.883,17.376,16.687,16.355,16.428,16.209,16.525,17.428,15.56,14.448
7/28,16.868,16.9124,17.0723,16.488,16.546,17.027,16.792,17.223,16.564,17.088,16.933,17.049,16.97,16.781,16.907,16.362,17.205,17.069,17.156,17.023,17.077,16.58,16.964,17.492,16.967,17.111,17.728,17.963,17.437,16.774,16.471,16.453,16.327,16.593,17.438,15.686,14.55
7/29,16.8988,16.9885,17.1262,16.555,16.632,17.037,16.75,17.227,16.656,17.049,16.951,17.11,17.021,16.998,16.849,16.332,17.208,17.201,17.266,17.024,17.166,16.782,17.059,17.581,17.025,17.125,17.808,17.996,17.437,16.755,16.564,16.526,16.445,16.552,17.482,15.786,14.678
7/30,16.9617,17.0597,17.1915,16.675,16.744,16.987,16.809,17.283,16.763,17.112,17.025,17.084,17.135,17.191,16.845,16.35,17.261,17.35,17.315,17.063,17.214,16.916,17.092,17.701,17.011,17.187,18.003,18.086,17.339,16.831,16.65,16.66,16.447,16.619,17.522,15.9,14.707
7/31,16.9933,17.1176,17.2729,16.73,16.774,16.982,16.892,17.263,16.844,17.12,17.055,17.108,17.165,17.275,16.852,16.425,17.329,17.419,17.404,17.058,17.293,16.992,17.129,17.784,17.136,17.288,18.108,18.16,17.442,16.924,16.606,16.79,16.491,16.797,17.475,16.025,14.732
8/1,17.0206,17.1609,17.3065,16.776,16.878,17.01,16.824,17.287,16.899,17.131,17.051,17.133,17.217,17.29,16.905,16.45,17.326,17.414,17.566,17.066,17.29,17.053,17.249,17.823,17.166,17.432,18.137,18.272,17.409,16.893,16.539,16.844,16.55,16.803,17.464,16.119,14.798
8/2,17.0787,17.2232,17.3685,16.927,16.99,17.069,16.745,17.246,17.017,17.237,17.12,17.165,17.271,17.476,17.055,16.512,17.333,17.433,17.553,17.116,17.345,17.019,17.39,17.888,17.268,17.553,18.129,18.263,17.466,16.962,16.52,16.975,16.661,16.848,17.503,16.243,14.824
8/3,17.106,17.288,17.4183,17.006,16.967,17.156,16.717,17.226,17.099,17.297,17.101,17.184,17.307,17.595,17.092,16.64,17.432,17.491,17.513,17.148,17.476,17.088,17.405,17.932,17.347,17.598,18.176,18.415,17.482,16.983,16.514,17.002,16.734,16.898,17.535,16.349,14.84
8/4,17.1608,17.3126,17.4757,17.019,17.031,17.31,16.777,17.28,17.14,17.31,17.148,17.27,17.323,17.705,17.24,16.601,17.325,17.466,17.573,17.151,17.478,17.106,17.481,18.004,17.477,17.736,18.184,18.637,17.468,17.059,16.552,16.931,16.709,16.879,17.594,16.525,14.903
8/5,17.2114,17.3383,17.53,17.098,17.14,17.35,16.817,17.342,17.151,17.329,17.123,17.358,17.406,17.833,17.172,16.629,17.271,17.453,17.67,17.233,17.374,17.187,17.561,18.136,17.5,17.78,18.136,18.625,17.591,17.123,16.669,16.946,16.794,16.95,17.64,16.616,14.918
8/6,17.2688,17.3753,17.566,17.166,17.243,17.443,16.759,17.425,17.289,17.395,17.024,17.471,17.473,17.964,17.198,16.563,17.278,17.467,17.684,17.335,17.378,17.26,17.626,18.24,17.494,17.801,18.021,18.578,17.534,17.161,16.841,17.001,16.989,17.007,17.752,16.66,14.937
8/7,17.3518,17.4381,17.6292,17.273,17.453,17.446,16.816,17.484,17.38,17.459,17.045,17.574,17.588,18.029,17.265,16.524,17.298,17.665,17.736,17.376,17.383,17.414,17.691,18.271,17.547,17.847,18.071,18.64,17.597,17.217,16.881,17.109,17.112,17.086,17.812,16.682,14.985
8/8,17.4138,17.5106,17.6865,17.28,17.543,17.49,16.943,17.519,17.461,17.423,17.226,17.587,17.666,18.095,17.317,16.615,17.397,17.773,17.683,17.5,17.499,17.449,17.778,18.359,17.536,17.852,18.122,18.739,17.666,17.276,16.889,17.236,17.19,17.259,17.807,16.621,14.99
8/9,17.488,17.574,17.7411,17.385,17.704,17.554,17.053,17.521,17.652,17.36,17.311,17.602,17.738,18.119,17.317,16.749,17.495,17.722,17.727,17.652,17.566,17.486,17.907,18.445,17.534,17.906,18.301,18.769,17.67,17.424,16.953,17.2,17.209,17.352,17.856,16.67,14.975
8/10,17.5451,17.5892,17.7886,17.389,17.815,17.587,17.171,17.581,17.759,17.41,17.345,17.546,17.848,18.165,17.321,16.783,17.519,17.669,17.706,17.677,17.529,17.584,17.939,18.488,17.57,17.94,18.432,18.801,17.637,17.563,17.005,17.114,17.336,17.395,17.901,16.696,15.019
8/11,17.5678,17.6376,17.8283,17.322,17.897,17.532,17.17,17.554,17.794,17.557,17.359,17.607,17.886,18.175,17.332,16.815,17.454,17.731,17.744,17.773,17.587,17.744,18.021,18.619,17.572,18.007,18.52,18.819,17.647,17.616,17.019,17.127,17.337,17.512,17.864,16.702,15.012
8/12,17.6174,17.678,17.8588,17.339,17.864,17.582,17.208,17.504,17.936,17.53,17.45,17.765,17.996,18.19,17.367,16.893,17.44,17.776,17.705,17.836,17.591,17.842,18.14,18.679,17.646,18.036,18.564,18.86,17.634,17.653,16.997,17.113,17.406,17.614,17.941,16.737,15.078
8/13,17.6812,17.7114,17.9222,17.454,17.888,17.66,17.194,17.594,17.992,17.57,17.585,17.831,18.044,18.202,17.395,16.864,17.466,17.857,17.842,17.889,17.569,17.902,18.128,18.781,17.733,18.056,18.7,18.909,17.648,17.772,17.009,17.216,17.398,17.656,18.048,16.757,15.099
8/14,17.7225,17.7412,17.9753,17.52,17.926,17.706,17.22,17.687,17.96,17.619,17.67,17.824,18.093,18.197,17.452,16.894,17.424,17.984,17.923,17.882,17.511,17.923,18.222,18.82,17.781,18.068,18.746,19.046,17.613,17.833,17.112,17.276,17.458,17.757,18.112,16.857,15.132
8/15,17.7805,17.7779,18.0202,17.571,18.101,17.801,17.359,17.721,17.867,17.735,17.721,17.885,18.044,18.318,17.615,16.954,17.436,18.026,17.895,17.934,17.488,17.855,18.258,18.943,17.852,18.087,18.776,19.097,17.602,17.827,17.163,17.36,17.495,17.725,18.091,16.941,15.253
8/16,17.8298,17.8181,18.0336,17.618,18.038,17.929,17.448,17.806,17.923,17.808,17.815,17.94,17.973,18.43,17.663,16.962,17.487,18.149,17.947,18.043,17.451,17.794,18.255,18.842,17.908,18.098,18.747,19.014,17.621,17.93,17.241,17.365,17.57,17.753,18.068,16.947,15.551
8/17,17.8433,17.8405,18.0534,17.651,18.032,17.873,17.508,17.774,17.957,17.842,17.922,17.908,17.966,18.397,17.698,16.886,17.588,18.067,17.97,18.226,17.48,17.816,18.277,18.833,17.937,18.084,18.752,18.987,17.67,17.996,17.271,17.441,17.563,17.833,18.215,17.048,15.645
8/18,17.8457,17.8862,18.0727,17.775,17.901,17.835,17.578,17.697,17.935,17.843,17.965,17.962,17.966,18.477,17.662,16.945,17.62,18.03,18.064,18.324,17.607,17.813,18.32,18.837,17.993,18.089,18.734,19.006,17.641,18.034,17.239,17.532,17.622,17.921,18.33,17.111,15.653
8/19,17.8877,17.885,18.0968,17.819,17.797,17.833,17.715,17.68,17.957,17.86,18.045,18.069,18.102,18.491,17.574,17.047,17.633,18,18.1,18.404,17.571,17.736,18.294,18.755,18.022,18.123,18.885,19.05,17.61,18.048,17.267,17.539,17.669,18.011,18.418,17.082,15.669
8/20,17.9119,17.8994,18.1446,17.755,17.783,17.902,17.782,17.786,18.077,17.816,18.031,18.039,18.148,18.45,17.553,17.181,17.613,17.996,18.115,18.448,17.605,17.739,18.294,18.692,18.033,18.177,18.923,19.124,17.646,18.225,17.36,17.563,17.703,18.018,18.454,17.061,15.699
8/21,17.9694,17.9271,18.1853,17.766,17.824,17.977,17.908,17.929,18.123,17.802,18.067,18.093,18.205,18.447,17.554,17.222,17.616,18.11,18.042,18.576,17.6,17.719,18.385,18.78,18.128,18.174,18.952,19.15,17.693,18.241,17.48,17.555,17.7,18.078,18.471,17.135,15.793
8/22,18.0237,17.9478,18.2481,17.779,17.925,18.05,17.991,17.938,18.167,17.853,18.05,18.236,18.248,18.396,17.591,17.354,17.676,18.108,18.067,18.656,17.589,17.685,18.356,18.813,18.145,18.264,18.98,19.171,17.794,18.314,17.658,17.611,17.731,18.11,18.472,17.234,15.874
8/23,18.02,17.992,18.2917,17.761,17.838,18.067,17.908,18.075,18.174,17.858,18.025,18.25,18.244,18.394,17.618,17.448,17.727,18.259,18.135,18.663,17.642,17.684,18.35,18.85,18.101,18.291,19.022,19.166,17.848,18.335,17.734,17.738,17.832,18.187,18.497,17.344,15.932
8/24,18.0687,18.0398,18.2872,17.766,17.781,18.07,17.905,18.217,18.358,17.952,18.068,18.304,18.266,18.366,17.569,17.534,17.764,18.391,18.138,18.755,17.805,17.748,18.328,18.906,17.949,18.343,19.036,19.073,17.821,18.262,17.772,17.808,17.902,18.253,18.583,17.399,16.063
8/25,18.1206,18.1098,18.3036,17.839,17.825,18.126,17.936,18.32,18.261,18.121,18.103,18.336,18.339,18.454,17.484,17.538,17.819,18.568,18.203,18.796,17.99,17.86,18.386,18.917,17.896,18.344,19.077,19.003,17.929,18.26,17.782,17.87,17.958,18.314,18.686,17.516,16.068
8/26,18.1613,18.1304,18.3488,17.944,17.855,18.135,18.054,18.446,18.064,18.261,18.106,18.343,18.405,18.447,17.466,17.586,17.892,18.574,18.26,18.751,18.085,17.796,18.447,18.894,17.978,18.427,19.088,18.995,18.031,18.404,17.755,17.931,17.985,18.382,18.746,17.584,16.227
8/27,18.1813,18.1883,18.3762,17.993,17.936,18.021,18.179,18.524,18.016,18.277,18.095,18.353,18.419,18.467,17.569,17.66,17.969,18.572,18.31,18.843,18.221,17.734,18.538,18.845,18.039,18.501,19.09,19.091,18.079,18.503,17.668,17.937,18.009,18.487,18.773,17.564,16.238
8/28,18.1902,18.201,18.3917,18.042,17.988,17.985,18.244,18.604,17.922,18.262,18.084,18.35,18.421,18.444,17.505,17.728,17.948,18.609,18.244,18.957,18.276,17.793,18.506,18.836,18.116,18.529,19.062,19.19,18.126,18.51,17.677,17.872,17.999,18.517,18.774,17.545,16.243
8/29,18.2505,18.2179,18.4447,18.15,18.111,17.987,18.355,18.671,17.947,18.272,18.14,18.488,18.384,18.452,17.521,17.767,17.912,18.608,18.172,19.041,18.294,17.945,18.467,18.88,18.159,18.629,19.056,19.218,18.294,18.572,17.691,17.93,18.018,18.696,18.856,17.525,16.31
8/30,18.2888,18.2521,18.4741,18.221,18.153,18.009,18.457,18.762,17.924,18.385,18.211,18.436,18.33,18.455,17.508,17.833,17.944,18.614,18.158,19.009,18.376,18.106,18.518,18.876,18.216,18.619,19.089,19.234,18.392,18.581,17.758,17.918,18.058,18.608,18.893,17.454,16.391
8/31,18.3017,18.2789,18.4665,18.187,18.061,18.043,18.504,18.827,17.985,18.409,18.209,18.413,18.379,18.47,17.527,17.89,17.955,18.73,18.152,18.967,18.483,18.1,18.515,18.835,18.326,18.615,19.069,19.205,18.371,18.482,17.77,17.879,18.113,18.6,18.862,17.461,16.459
9/1,18.3067,18.3446,18.4854,18.182,17.969,18.072,18.485,18.737,17.968,18.468,18.33,18.435,18.421,18.579,17.596,18.041,17.93,18.782,18.207,19.031,18.517,18.162,18.601,18.833,18.436,18.632,19.126,19.183,18.402,18.487,17.751,17.818,18.186,18.495,18.814,17.571,16.545
9/2,18.3252,18.3662,18.5211,18.21,17.849,18.138,18.527,18.743,18.006,18.439,18.442,18.421,18.477,18.627,17.62,18.068,17.925,18.842,18.198,18.976,18.539,18.215,18.652,18.83,18.575,18.747,19.22,19.178,18.436,18.376,17.695,17.896,18.258,18.459,18.645,17.65,16.639
9/3,18.3381,18.3864,18.551,18.215,17.853,18.156,18.535,18.719,17.999,18.456,18.461,18.465,18.522,18.645,17.707,17.9,17.918,18.858,18.282,18.992,18.539,18.298,18.725,18.9,18.618,18.753,19.252,19.223,18.488,18.27,17.679,17.971,18.356,18.591,18.612,17.746,16.749
9/4,18.3711,18.4074,18.5889,18.247,17.962,18.195,18.514,18.744,18.038,18.456,18.515,18.487,18.553,18.629,17.848,17.841,17.905,18.941,18.318,18.949,18.584,18.283,18.776,18.904,18.645,18.849,19.22,19.3,18.559,18.272,17.794,17.965,18.381,18.529,18.658,17.714,16.87
9/5,18.3781,18.452,18.6012,18.232,17.908,18.19,18.55,18.752,18.052,18.526,18.564,18.524,18.483,18.64,17.798,17.886,18.003,19.054,18.41,18.917,18.713,18.263,18.836,18.91,18.6,18.814,19.194,19.346,18.586,18.337,17.92,17.936,18.369,18.583,18.545,17.793,16.929
9/6,18.4036,18.4654,18.5805,18.236,17.919,18.311,18.488,18.735,18.076,18.586,18.618,18.558,18.509,18.674,17.754,17.936,18.024,19.047,18.492,18.875,18.789,18.246,18.817,18.998,18.566,18.869,19.064,19.389,18.511,18.379,17.901,17.856,18.272,18.632,18.605,17.877,16.982
9/7,18.4341,18.5042,18.5832,18.141,18.141,18.319,18.47,18.677,18.086,18.654,18.648,18.609,18.596,18.798,17.8,17.973,18.044,19.093,18.56,18.915,18.827,18.207,18.825,18.936,18.567,18.908,19.083,19.326,18.578,18.414,17.93,17.816,18.274,18.702,18.676,17.859,16.988
9/8,18.4498,18.5417,18.598,18.116,18.224,18.355,18.426,18.599,18.099,18.734,18.692,18.605,18.648,18.943,17.904,18.041,18.083,19.124,18.612,18.896,18.797,18.22,18.797,18.953,18.541,19.002,19.122,19.341,18.548,18.464,18.016,17.798,18.195,18.703,18.774,17.917,16.938
9/9,18.4627,18.5546,18.6316,18.123,18.242,18.359,18.356,18.531,18.19,18.774,18.691,18.713,18.648,18.987,18.003,18.116,18.073,19.069,18.644,18.887,18.715,18.215,18.837,18.918,18.568,19.122,19.218,19.496,18.537,18.436,18.024,17.785,18.212,18.664,18.732,17.976,16.933
9/10,18.4878,18.5649,18.6451,18.07,18.301,18.395,18.405,18.52,18.271,18.808,18.711,18.815,18.582,18.958,18.149,18.062,18.05,19.059,18.687,18.888,18.728,18.161,18.907,18.919,18.561,19.242,19.32,19.541,18.555,18.326,18.015,17.742,18.23,18.769,18.713,18.004,16.94
9/11,18.5031,18.5735,18.6609,17.986,18.303,18.467,18.416,18.574,18.354,18.773,18.678,18.846,18.634,18.955,18.217,17.997,18.113,18.912,18.809,18.88,18.781,18.166,18.905,18.893,18.598,19.293,19.396,19.6,18.463,18.308,18.014,17.745,18.299,18.829,18.716,18.051,16.918
9/12,18.499,18.578,18.6693,18.014,18.319,18.43,18.425,18.564,18.379,18.686,18.609,18.965,18.599,18.936,18.2,17.921,18.189,18.897,18.865,18.912,18.833,18.124,18.903,18.916,18.678,19.334,19.384,19.683,18.49,18.171,18.09,17.691,18.256,18.891,18.684,18.168,16.95
9/13,18.5088,18.5971,18.6766,18.002,18.292,18.384,18.471,18.574,18.453,18.615,18.617,19.044,18.636,18.95,18.301,17.953,18.292,18.848,18.774,18.942,18.848,18.142,18.921,18.889,18.724,19.388,19.506,19.784,18.36,18.057,18.074,17.673,18.311,18.907,18.694,18.229,16.957
9/14,18.53,18.5951,18.6554,18.06,18.332,18.458,18.561,18.526,18.427,18.551,18.526,19.148,18.711,18.901,18.298,17.916,18.263,18.926,18.733,19.02,18.851,18.175,18.868,18.876,18.747,19.373,19.552,19.814,18.291,17.948,18.013,17.654,18.286,19.034,18.538,18.209,16.962
9/15,18.5321,18.5974,18.6657,18.075,18.322,18.302,18.618,18.565,18.401,18.551,18.527,19.244,18.716,18.9,18.224,17.866,18.21,18.886,18.797,19.126,18.855,18.243,18.867,18.791,18.771,19.391,19.513,19.89,18.257,17.907,17.994,17.725,18.418,19.006,18.479,18.202,16.902
9/16,18.5233,18.599,18.6965,18.081,18.278,18.205,18.646,18.512,18.417,18.62,18.536,19.226,18.712,18.821,18.229,17.835,18.233,18.877,18.782,19.183,18.91,18.184,18.936,18.742,18.809,19.343,19.472,19.966,18.362,17.926,18.034,17.879,18.432,18.954,18.455,18.137,16.836
9/17,18.5287,18.6279,18.7091,18.132,18.264,18.137,18.636,18.46,18.499,18.703,18.492,19.215,18.749,18.827,18.21,17.897,18.334,18.912,18.746,19.255,18.891,18.229,18.978,18.768,18.832,19.276,19.494,20.094,18.33,17.915,17.983,17.965,18.434,18.922,18.417,18.115,16.801
9/18,18.5561,18.63,18.7176,18.26,18.294,17.977,18.667,18.529,18.52,18.779,18.613,19.223,18.699,18.77,18.239,17.854,18.378,18.913,18.868,19.237,18.872,18.165,19.004,18.662,18.897,19.282,19.502,20.178,18.326,18.038,17.992,17.998,18.301,19,18.423,18.115,16.808
9/19,18.5685,18.6712,18.7034,18.265,18.366,17.851,18.672,18.558,18.662,18.795,18.675,19.172,18.669,18.834,18.368,17.81,18.467,18.924,18.858,19.226,18.932,18.186,19.107,18.52,18.91,19.327,19.482,20.168,18.339,18.058,17.906,18.125,18.199,18.964,18.371,18.132,16.85
9/20,18.5734,18.7119,18.7068,18.201,18.413,17.927,18.71,18.581,18.606,18.773,18.714,19.106,18.703,18.885,18.426,17.824,18.548,18.956,18.938,19.305,18.988,18.095,19.154,18.441,18.909,19.359,19.533,20.201,18.352,17.998,17.868,18.175,18.232,18.87,18.429,18.111,16.783
9/21,18.5899,18.732,18.7173,18.219,18.473,18.063,18.619,18.545,18.573,18.802,18.782,19.065,18.758,18.928,18.48,17.773,18.583,18.939,18.941,19.36,19.046,18.068,19.202,18.53,18.889,19.387,19.561,20.14,18.326,18.035,17.879,18.174,18.252,18.836,18.433,18.159,16.745
9/22,18.5885,18.7246,18.7467,18.233,18.539,18.047,18.568,18.552,18.526,18.821,18.792,19.085,18.722,18.963,18.48,17.721,18.554,18.9,18.975,19.33,19.056,18.049,19.218,18.681,18.918,19.478,19.505,20.087,18.291,18.115,17.869,18.178,18.345,18.919,18.465,18.086,16.698
9/23,18.5763,18.7207,18.7409,18.222,18.523,17.97,18.574,18.514,18.552,18.831,18.717,19.064,18.796,18.98,18.43,17.751,18.549,18.872,19.061,19.287,19.007,18.014,19.256,18.725,18.954,19.46,19.429,20.019,18.282,18.111,17.866,18.157,18.406,18.922,18.432,18.073,16.677
9/24,18.574,18.7416,18.7144,18.265,18.555,17.998,18.48,18.56,18.589,18.75,18.669,19.062,18.812,18.985,18.412,17.786,18.629,18.872,19.136,19.351,18.97,17.976,19.299,18.754,18.855,19.464,19.45,19.989,18.245,18.043,17.802,18.123,18.419,19.009,18.409,18.078,16.588
9/25,18.5789,18.7505,18.7069,18.294,18.525,17.983,18.468,18.634,18.613,18.653,18.624,19.111,18.884,18.983,18.418,17.781,18.68,18.823,19.204,19.328,18.97,18.046,19.272,18.785,18.872,19.472,19.421,19.978,18.222,18.045,17.754,18.076,18.444,19.062,18.426,18.105,16.573
9/26,18.5885,18.7449,18.7503,18.303,18.608,17.897,18.548,18.588,18.762,18.57,18.623,19.1,18.886,19.072,18.386,17.795,18.611,18.799,19.24,19.247,19,18.09,19.209,18.761,18.833,19.477,19.467,20.053,18.375,18.082,17.848,18.118,18.489,19.035,18.29,18.13,16.579
9/27,18.5864,18.7356,18.7535,18.336,18.661,17.975,18.559,18.649,18.588,18.517,18.663,19.028,18.888,19.137,18.459,17.803,18.582,18.801,19.267,19.164,19.03,18.003,19.11,18.69,18.849,19.374,19.515,20.062,18.535,18.152,17.802,18.117,18.439,19.025,18.227,18.092,16.663
9/28,18.561,18.7437,18.7717,18.324,18.629,17.934,18.669,18.676,18.487,18.457,18.507,18.98,18.947,19.159,18.494,17.8,18.611,18.852,19.231,19.166,19.081,18.003,19.04,18.779,18.794,19.349,19.574,19.979,18.718,18.074,17.9,18.134,18.416,19.002,18.23,18.083,16.682
9/29,18.5397,18.7353,18.7698,18.367,18.643,17.936,18.619,18.71,18.45,18.382,18.451,18.889,18.95,19.154,18.453,17.828,18.587,18.908,19.295,19.103,19.086,18.048,18.891,18.833,18.815,19.257,19.505,19.881,18.728,18.088,17.901,18.234,18.456,18.948,18.22,17.947,16.775
9/30,18.5644,18.7008,18.7815,18.379,18.671,17.985,18.614,18.751,18.539,18.418,18.406,18.9,18.981,19.015,18.346,17.846,18.581,18.891,19.214,19.075,19.064,18.075,18.901,18.821,18.846,19.213,19.58,19.803,18.828,18.069,17.863,18.315,18.477,18.889,18.165,17.867,16.785
10/1,18.5382,18.6831,18.7738,18.322,18.554,17.939,18.626,18.706,18.537,18.444,18.369,18.963,18.922,18.962,18.317,17.853,18.56,18.929,19.148,19.064,19.014,18.127,18.857,18.812,18.92,19.235,19.608,19.67,18.814,18.088,17.875,18.298,18.418,18.896,18.146,17.838,16.755
10/2,18.5269,18.6654,18.7584,18.291,18.515,18.069,18.581,18.668,18.558,18.342,18.39,18.989,18.866,18.812,18.295,17.881,18.539,18.898,19.136,19.076,19.026,18.142,18.849,18.864,18.916,19.214,19.508,19.602,18.912,18.096,17.875,18.229,18.368,18.939,18.193,17.909,16.816
10/3,18.5125,18.6464,18.7438,18.295,18.481,18.136,18.522,18.578,18.533,18.281,18.445,19.028,18.826,18.697,18.18,17.924,18.573,18.83,19.159,19.153,18.935,18.16,18.853,18.932,18.82,19.193,19.481,19.635,18.881,18.076,17.905,18.17,18.345,18.966,18.199,17.965,16.746
10/4,18.4825,18.6374,18.7447,18.199,18.392,18.121,18.515,18.503,18.474,18.306,18.489,19.03,18.796,18.639,18.102,17.915,18.591,18.789,19.125,19.257,18.821,18.203,18.932,18.963,18.819,19.127,19.401,19.513,18.845,18.142,18.023,18.2,18.414,18.892,18.115,17.925,16.696
10/5,18.4744,18.6248,18.7361,18.228,18.32,18.117,18.533,18.45,18.462,18.39,18.422,19.045,18.777,18.656,18.067,17.987,18.536,18.929,19.073,19.183,18.786,18.189,18.842,18.931,18.785,19.034,19.36,19.555,18.829,18.202,18.069,18.166,18.43,18.904,18.08,17.883,16.671
10/6,18.4605,18.5666,18.7361,18.207,18.382,18.114,18.54,18.377,18.418,18.387,18.45,19.058,18.672,18.677,18.014,17.996,18.45,18.808,19,19.171,18.678,18.099,18.773,18.958,18.779,19.078,19.33,19.625,18.819,18.13,18.098,18.153,18.391,18.882,17.908,17.853,16.576
10/7,18.4709,18.5407,18.692,18.179,18.466,18.183,18.524,18.256,18.439,18.399,18.58,19.089,18.594,18.663,18.005,18.029,18.373,18.713,18.968,19.171,18.722,18.073,18.69,18.896,18.726,19.012,19.316,19.543,18.798,18.007,18.066,18.146,18.41,18.846,17.928,17.83,16.593
10/8,18.4294,18.5197,18.6602,18.255,18.405,18.209,18.536,18.221,18.375,18.277,18.428,19.019,18.569,18.669,17.964,18.031,18.404,18.707,18.897,19.141,18.624,18.117,18.643,18.915,18.708,18.97,19.354,19.441,18.743,17.902,18.113,18.127,18.329,18.779,17.914,17.85,16.568
10/9,18.3968,18.4645,18.6324,18.221,18.484,18.147,18.561,18.152,18.393,18.228,18.329,18.926,18.527,18.622,17.937,18.01,18.278,18.632,18.81,19.107,18.577,18.048,18.624,18.883,18.653,18.948,19.341,19.418,18.738,17.868,18.145,18.097,18.233,18.719,17.909,17.9,16.535
10/10,18.3609,18.431,18.6016,18.256,18.398,18.098,18.573,18.102,18.383,18.166,18.261,18.856,18.516,18.581,17.952,18.073,18.208,18.57,18.809,19.028,18.519,18.009,18.561,18.882,18.571,18.93,19.369,19.384,18.646,17.885,18.089,18.026,18.234,18.659,17.889,17.9,16.387
10/11,18.3309,18.4082,18.5644,18.218,18.319,18.107,18.496,18.116,18.439,18.152,18.207,18.766,18.489,18.574,17.898,18.056,18.112,18.565,18.832,18.957,18.534,18.043,18.511,18.865,18.488,18.877,19.325,19.274,18.567,17.884,18.094,18.045,18.225,18.628,17.83,17.883,16.331
10/12,18.3182,18.367,18.5341,18.197,18.247,18.155,18.405,18.097,18.466,18.079,18.251,18.836,18.449,18.285,17.944,18.072,18.103,18.596,18.716,18.824,18.508,18.071,18.551,18.862,18.402,18.875,19.251,19.222,18.51,17.781,18.06,18.079,18.299,18.562,17.892,17.697,16.245
10/13,18.3261,18.3493,18.4961,18.264,18.218,18.175,18.351,18.14,18.423,18.114,18.233,18.884,18.459,18.219,17.855,18.011,18.1,18.618,18.72,18.855,18.569,18.079,18.467,18.819,18.376,18.733,19.259,19.182,18.521,17.784,18.013,17.985,18.289,18.518,17.887,17.612,16.171
10/14,18.2816,18.3484,18.4503,18.146,18.122,18.228,18.222,18.09,18.322,18.112,18.2,18.886,18.488,18.207,17.829,18.018,18.071,18.614,18.744,18.874,18.596,18.135,18.396,18.801,18.317,18.646,19.275,19.108,18.54,17.737,17.901,17.945,18.233,18.5,17.868,17.666,16.113
10/15,18.2678,18.3145,18.4114,18.094,18.161,18.206,18.23,18.082,18.293,18.121,18.182,18.803,18.506,18.094,17.798,18.001,18.085,18.546,18.664,18.914,18.668,18.028,18.347,18.773,18.168,18.661,19.283,19.037,18.58,17.686,17.813,17.92,18.193,18.482,17.914,17.597,16.101
10/16,18.2399,18.2897,18.3785,18.071,18.138,18.143,18.237,18.016,18.263,18.081,18.151,18.722,18.577,18.08,17.882,18.043,18.065,18.556,18.479,18.836,18.716,17.984,18.256,18.749,18.146,18.67,19.246,18.971,18.525,17.667,17.78,17.896,18.135,18.486,17.968,17.561,16.118
10/17,18.2034,18.2449,18.3324,18.182,18.046,18.018,18.25,17.987,18.176,18.113,18.042,18.665,18.555,18.057,17.805,17.949,18.102,18.54,18.296,18.778,18.733,17.966,18.223,18.695,18.149,18.631,19.148,18.88,18.499,17.573,17.759,17.924,18.066,18.43,17.888,17.421,16.111
10/18,18.1582,18.202,18.2799,18.127,17.883,18.015,18.184,17.988,18.065,18.083,18.059,18.686,18.492,18.007,17.775,17.944,18.135,18.542,18.121,18.713,18.598,17.945,18.24,18.671,18.135,18.54,19.132,18.858,18.458,17.401,17.754,17.875,17.975,18.423,17.826,17.333,16.142
10/19,18.0952,18.17,18.2223,18.047,17.691,17.977,18.076,18.002,18.021,18.09,18.004,18.666,18.378,17.879,17.768,17.93,18.185,18.488,18.076,18.638,18.6,17.972,18.164,18.644,18.071,18.504,19.069,18.816,18.376,17.346,17.681,17.77,17.946,18.4,17.691,17.261,16.08
10/20,18.0362,18.137,18.1453,18.002,17.586,17.926,18.093,18.058,17.992,18.005,17.807,18.507,18.386,17.855,17.676,17.853,18.256,18.357,18.046,18.651,18.52,17.994,18.162,18.545,18.027,18.493,18.93,18.733,18.329,17.301,17.614,17.653,17.828,18.366,17.661,17.222,15.956
10/21,17.9628,18.1014,18.0849,17.955,17.591,17.875,17.979,17.968,17.866,17.904,17.735,18.448,18.307,17.816,17.67,17.854,18.228,18.299,18.058,18.588,18.436,17.922,18.143,18.52,18.015,18.461,18.769,18.636,18.334,17.239,17.613,17.5,17.762,18.35,17.633,17.16,15.888
10/22,17.9162,18.0424,18.0315,17.807,17.611,17.84,17.899,17.958,17.765,17.855,17.657,18.456,18.314,17.77,17.478,17.84,18.155,18.239,18.04,18.585,18.378,17.875,18.064,18.525,17.933,18.415,18.705,18.627,18.249,17.215,17.582,17.383,17.681,18.382,17.602,17.153,15.88
10/23,17.8435,18.0079,17.9897,17.7,17.497,17.825,17.846,17.907,17.681,17.708,17.628,18.458,18.185,17.767,17.412,17.914,18.078,18.181,17.969,18.515,18.357,17.874,18.012,18.483,17.883,18.305,18.579,18.65,18.216,17.164,17.615,17.335,17.667,18.347,17.529,17.086,15.947
10/24,17.7737,17.9856,17.9394,17.656,17.431,17.774,17.755,17.898,17.55,17.594,17.613,18.413,18.053,17.672,17.419,17.911,18.13,18.118,17.959,18.456,18.332,17.848,18.011,18.469,17.807,18.221,18.544,18.652,18.128,17.102,17.596,17.314,17.561,18.279,17.468,16.983,15.943
10/25,17.7326,17.9587,17.8736,17.628,17.473,17.685,17.646,17.833,17.559,17.559,17.603,18.317,18.023,17.664,17.356,17.742,18.073,18.146,17.987,18.433,18.314,17.877,17.995,18.408,17.721,18.139,18.501,18.64,18.04,16.995,17.603,17.237,17.452,18.238,17.334,16.925,15.911
10/26,17.6715,17.9005,17.8263,17.564,17.353,17.648,17.535,17.811,17.483,17.526,17.515,18.307,17.973,17.649,17.28,17.607,18.006,18.136,18.008,18.321,18.269,17.871,17.858,18.331,17.639,18.136,18.501,18.562,17.992,16.912,17.588,17.181,17.421,18.195,17.195,16.873,15.907
10/27,17.5883,17.8777,17.7602,17.432,17.216,17.612,17.466,17.809,17.383,17.425,17.442,18.271,17.827,17.658,17.326,17.572,18.059,18.1,18.038,18.22,18.174,17.89,17.74,18.266,17.603,18.045,18.479,18.539,17.877,16.839,17.487,17.174,17.293,18.131,17.13,16.782,15.911
10/28,17.532,17.8228,17.7087,17.301,17.211,17.52,17.461,17.768,17.349,17.348,17.417,18.227,17.718,17.606,17.238,17.543,18.017,18.044,18.036,18.176,18.062,17.834,17.672,18.268,17.581,17.921,18.428,18.45,17.814,16.812,17.439,17.138,17.236,18.106,17.063,16.741,15.878
10/29,17.4419,17.7537,17.6418,17.199,17.094,17.481,17.422,17.756,17.076,17.295,17.364,18.137,17.595,17.532,17.137,17.456,17.957,17.947,18.06,18.04,17.97,17.8,17.638,18.19,17.592,17.888,18.394,18.384,17.784,16.711,17.311,17.01,17.154,18.082,16.998,16.61,15.754
10/30,17.4103,17.6946,17.5748,17.19,17.081,17.374,17.434,17.75,17.091,17.263,17.292,18.037,17.591,17.401,17.087,17.444,17.852,17.874,17.925,18,17.916,17.79,17.657,18.126,17.557,17.81,18.339,18.287,17.728,16.693,17.238,16.907,17.063,17.999,16.879,16.649,15.776
10/31,17.3613,17.6423,17.4964,17.072,17.07,17.236,17.456,17.745,17.084,17.254,17.23,17.979,17.487,17.276,17.04,17.38,17.857,17.854,17.882,17.986,17.788,17.846,17.514,18.052,17.466,17.698,18.326,18.193,17.595,16.572,17.26,16.815,16.987,17.909,16.826,16.526,15.648
11/1,17.2906,17.5531,17.4192,17.005,17.02,17.168,17.434,17.65,17.004,17.275,17.156,17.834,17.36,17.256,16.924,17.31,17.726,17.676,17.828,17.946,17.666,17.818,17.381,17.906,17.386,17.685,18.273,18.049,17.544,16.538,17.155,16.765,16.891,17.768,16.693,16.322,15.483
11/2,17.2386,17.4797,17.3371,16.894,16.971,17.065,17.414,17.589,17.031,17.177,17.201,17.685,17.359,17.188,16.848,17.205,17.632,17.543,17.848,17.896,17.582,17.755,17.3,17.846,17.335,17.644,18.263,17.857,17.456,16.494,17.045,16.665,16.766,17.668,16.625,16.247,15.432
11/3,17.161,17.3845,17.2507,16.811,16.926,17.057,17.359,17.561,16.865,17.123,17.068,17.594,17.246,17.119,16.849,17.013,17.518,17.358,17.836,17.808,17.477,17.67,17.197,17.688,17.243,17.63,18.151,17.817,17.371,16.428,16.94,16.644,16.595,17.567,16.52,16.178,15.36
11/4,17.0961,17.2883,17.1561,16.778,16.881,17.011,17.253,17.51,16.783,17.077,17.037,17.511,17.12,17.06,16.767,16.832,17.4,17.258,17.826,17.709,17.36,17.592,17.079,17.604,17.068,17.544,18.044,17.776,17.247,16.354,16.908,16.546,16.47,17.387,16.496,16.164,15.305
11/5,17.0416,17.2167,17.0688,16.672,16.883,16.991,17.216,17.455,16.728,17.019,17.002,17.432,17.018,16.972,16.669,16.761,17.301,17.22,17.721,17.611,17.298,17.604,17.01,17.636,17.017,17.464,17.99,17.685,17.216,16.19,16.846,16.363,16.281,17.296,16.392,16.146,15.26
11/6,16.9818,17.1139,16.9537,16.657,16.728,16.983,17.2,17.33,16.638,16.974,16.917,17.34,17.051,16.819,16.561,16.732,17.188,17.167,17.559,17.477,17.231,17.475,16.93,17.486,16.925,17.372,17.929,17.603,17.104,16.116,16.678,16.148,16.176,17.275,16.304,16.092,15.323
11/7,16.9167,17.0139,16.8497,16.589,16.66,16.941,17.111,17.301,16.599,16.891,16.863,17.241,16.971,16.792,16.558,16.578,17.117,17.132,17.423,17.333,17.01,17.331,16.865,17.414,16.863,17.246,17.859,17.502,17.025,15.954,16.487,16.05,16.097,17.214,16.146,16.015,15.33
11/8,16.81,16.8978,16.7571,16.522,16.549,16.846,16.974,17.188,16.517,16.793,16.77,17.148,16.793,16.674,16.385,16.518,17.02,17.026,17.284,17.269,16.864,17.173,16.765,17.382,16.75,17.186,17.807,17.387,16.922,15.822,16.327,15.981,16.007,17.116,16.045,15.882,15.352
11/9,16.7212,16.8093,16.6636,16.45,16.449,16.777,16.895,17.126,16.485,16.678,16.737,17.028,16.587,16.542,16.317,16.41,16.956,17.001,17.165,17.244,16.763,17.047,16.648,17.42,16.702,17.088,17.705,17.266,16.834,15.656,16.178,15.857,15.93,16.947,15.988,15.768,15.257
11/10,16.6109,16.7114,16.5389,16.393,16.382,16.605,16.767,16.958,16.351,16.612,16.625,16.963,16.453,16.488,16.219,16.288,16.899,16.927,17.146,17.155,16.546,16.892,16.554,17.344,16.591,16.95,17.601,17.129,16.747,15.425,16.024,15.824,15.754,16.867,15.899,15.782,15.211
11/11,16.5087,16.62,16.3947,16.317,16.374,16.515,16.667,16.676,16.183,16.555,16.467,16.897,16.436,16.402,16.131,16.153,16.769,16.95,17.077,17.053,16.386,16.748,16.531,17.093,16.522,16.809,17.499,17.017,16.706,15.181,15.85,15.708,15.562,16.841,15.852,15.656,15.169
11/12,16.4063,16.5259,16.2758,16.257,16.219,16.328,16.62,16.593,16.039,16.465,16.326,16.877,16.339,16.357,16.066,16.026,16.709,16.815,16.939,16.953,16.276,16.651,16.467,17.04,16.395,16.748,17.348,16.906,16.635,14.984,15.669,15.603,15.43,16.785,15.773,15.636,15.138
11/13,16.298,16.4154,16.1461,16.072,16.134,16.192,16.474,16.441,16.018,16.365,16.26,16.72,16.304,16.292,15.985,15.862,16.619,16.656,16.88,16.881,16.128,16.542,16.309,17.077,16.192,16.678,17.224,16.69,16.603,14.74,15.526,15.493,15.238,16.653,15.681,15.601,14.952
11/14,16.1983,16.3122,16.0188,15.925,15.931,16.125,16.377,16.3,15.956,16.292,16.239,16.542,16.296,16.221,15.932,15.705,16.525,16.554,16.783,16.701,15.993,16.5,16.208,17.034,16.008,16.518,17.098,16.591,16.52,14.558,15.345,15.357,15.159,16.595,15.495,15.522,14.747
11/15,16.1192,16.1755,15.8875,15.908,15.92,16.159,16.285,16.167,15.904,16.139,16.083,16.408,16.219,16.079,15.887,15.558,16.375,16.406,16.674,16.534,15.919,16.271,16.052,16.906,15.827,16.336,16.996,16.469,16.413,14.383,15.295,15.192,15.058,16.553,15.331,15.439,14.656
11/16,16.0045,16.0706,15.763,15.773,15.806,16.086,16.24,15.985,15.821,16.027,15.904,16.355,16.048,15.996,15.732,15.443,16.233,16.221,16.611,16.462,15.819,16.233,15.956,16.798,15.724,16.193,16.986,16.282,16.329,14.19,15.085,15.104,14.939,16.392,15.161,15.341,14.502
11/17,15.8579,15.9013,15.6406,15.63,15.645,16.032,16.115,15.772,15.627,15.822,15.813,16.207,15.916,15.797,15.571,15.265,15.971,16.069,16.427,16.352,15.63,16.126,15.805,16.72,15.576,16.088,16.752,16.169,16.31,14.041,14.869,14.986,14.895,16.284,14.933,15.225,14.309
11/18,15.6913,15.7671,15.5078,15.434,15.399,15.88,15.893,15.614,15.494,15.614,15.655,16.127,15.803,15.626,15.56,15.072,15.859,15.978,16.198,16.244,15.537,15.943,15.654,16.658,15.45,15.955,16.65,16.059,16.133,13.873,14.656,14.881,14.763,16.266,14.772,15.133,14.144
11/19,15.5394,15.6306,15.3929,15.239,15.192,15.79,15.827,15.389,15.318,15.451,15.466,16.042,15.68,15.453,15.451,14.916,15.755,15.792,16.056,16.102,15.439,15.815,15.527,16.641,15.28,15.863,16.585,16.003,16.023,13.705,14.574,14.659,14.596,16.105,14.656,14.968,14.006
11/20,15.3805,15.48,15.2544,15.111,15.006,15.612,15.658,15.235,15.201,15.341,15.242,15.859,15.54,15.339,15.259,14.769,15.619,15.669,15.856,15.862,15.323,15.745,15.359,16.504,15.128,15.667,16.424,15.886,15.898,13.561,14.463,14.576,14.437,15.946,14.483,14.742,13.897
11/21,15.2157,15.3184,15.1166,14.881,14.867,15.297,15.538,15.048,15.139,15.123,15.089,15.736,15.439,15.261,15.08,14.643,15.462,15.465,15.662,15.648,15.157,15.613,15.193,16.497,14.991,15.528,16.321,15.773,15.722,13.352,14.217,14.43,14.335,15.771,14.313,14.604,13.694
11/22,15.0888,15.1589,14.9774,14.688,14.756,15.266,15.436,14.914,15.033,14.844,14.936,15.639,15.376,15.095,14.875,14.549,15.333,15.252,15.489,15.369,14.978,15.57,15.079,16.337,14.915,15.34,16.231,15.649,15.603,13.144,14.035,14.324,14.196,15.578,14.145,14.418,13.653
11/23,14.9278,15.0205,14.8497,14.474,14.532,15.068,15.2,14.781,14.9,14.707,14.816,15.476,15.324,14.912,14.729,14.389,15.178,15.079,15.354,15.197,14.962,15.368,15.037,16.242,14.772,15.158,16.08,15.531,15.529,13.085,13.85,14.193,14.057,15.437,13.954,14.231,13.487
11/24,14.7545,14.8477,14.706,14.262,14.427,14.96,15.003,14.556,14.736,14.485,14.536,15.422,15.158,14.718,14.579,14.152,14.992,14.964,15.172,14.953,14.854,15.238,14.855,16.119,14.621,14.97,15.905,15.359,15.356,12.986,13.712,14.103,13.929,15.204,13.855,13.986,13.257
11/25,14.5912,14.697,14.5637,14.041,14.367,14.842,14.821,14.335,14.564,14.292,14.349,15.255,15.046,14.553,14.659,13.955,14.899,14.791,14.928,14.748,14.721,15.06,14.656,15.952,14.543,14.832,15.752,15.23,15.154,12.882,13.589,13.951,13.752,15.076,13.689,13.875,13.027
11/26,14.4298,14.541,14.4207,13.833,14.188,14.704,14.628,14.197,14.417,14.187,14.194,15.082,14.868,14.342,14.359,13.809,14.761,14.754,14.744,14.558,14.637,14.94,14.506,15.786,14.438,14.568,15.655,15.095,14.969,12.777,13.485,13.834,13.6,14.834,13.529,13.707,12.843
11/27,14.2364,14.3894,14.2389,13.657,13.988,14.465,14.477,14.049,14.248,13.872,14.037,14.957,14.614,14.155,14.312,13.704,14.625,14.579,14.503,14.295,14.471,14.867,14.383,15.597,14.267,14.246,15.511,14.939,14.742,12.593,13.349,13.724,13.421,14.626,13.396,13.614,12.679
11/28,14.0401,14.2154,14.0981,13.452,13.887,14.242,14.352,13.787,14.026,13.62,13.924,14.79,14.321,13.927,14.183,13.604,14.436,14.332,14.328,14.017,14.356,14.754,14.217,15.407,14.163,14.198,15.338,14.791,14.595,12.399,13.213,13.517,13.36,14.436,13.208,13.437,12.487
11/29,13.8487,14.0549,13.9444,13.264,13.842,14.005,14.137,13.569,13.822,13.427,13.733,14.514,14.174,13.742,13.992,13.501,14.257,14.067,14.197,13.863,14.245,14.656,14.029,15.349,14.082,14.013,15.166,14.637,14.36,12.158,13.104,13.397,13.178,14.309,13.043,13.201,12.242
11/30,13.6527,13.8963,13.7555,13.06,13.577,13.853,13.891,13.337,13.571,13.29,13.538,14.331,14.079,13.552,13.87,13.453,14.152,13.844,13.971,13.655,14.136,14.447,13.883,15.164,13.947,13.781,15.022,14.486,14.187,11.9,12.917,13.18,12.971,14.13,12.87,12.929,11.972
12/1,13.4756,13.7359,13.5742,12.892,13.354,13.689,13.758,13.135,13.422,13.116,13.337,14.156,13.897,13.355,13.657,13.296,14.065,13.695,13.698,13.488,14.045,14.396,13.664,14.879,13.852,13.559,14.787,14.375,14.045,11.749,12.631,13.038,12.827,13.983,12.725,12.745,11.587
12/2,13.3088,13.5419,13.4363,12.715,13.211,13.535,13.472,12.984,13.26,12.881,13.19,14.1,13.74,13.09,13.478,13.176,13.795,13.466,13.492,13.309,13.885,14.236,13.492,14.741,13.765,13.393,14.66,14.218,13.894,11.584,12.495,12.943,12.67,13.897,12.591,12.574,11.285
12/3,13.096,13.335,13.2403,12.546,13.152,13.266,13.131,12.647,13.059,12.804,13.05,13.662,13.643,12.906,13.287,13.046,13.509,13.292,13.235,12.986,13.742,14.051,13.296,14.463,13.67,13.21,14.416,14.131,13.602,11.425,12.295,12.728,12.463,13.744,12.253,12.33,11.043
12/4,12.8963,13.1677,13.0733,12.374,12.938,13.108,12.83,12.504,12.832,12.684,12.88,13.374,13.439,12.72,13.075,12.894,13.174,13.19,13.038,12.768,13.731,13.914,13.173,14.282,13.59,12.954,14.279,14.031,13.462,11.164,12.139,12.557,12.275,13.499,11.985,12.044,10.786
12/5,12.655,12.9377,12.8963,12.126,12.677,12.854,12.509,12.23,12.734,12.38,12.752,13.104,13.184,12.529,12.844,12.746,12.993,13.039,12.589,12.503,13.494,13.69,12.95,14.147,13.487,12.786,14.118,13.863,13.24,10.897,12.052,12.325,12.048,13.329,11.895,11.835,10.57
12/6,12.47,12.7331,12.7044,11.939,12.519,12.725,12.297,11.918,12.616,12.109,12.596,12.912,13.069,12.277,12.541,12.673,12.713,12.864,12.325,12.207,13.447,13.537,12.747,14.075,13.381,12.606,13.915,13.726,12.949,10.68,11.872,12.074,11.766,13.194,11.63,11.621,10.325
12/7,12.302,12.5211,12.4803,11.808,12.35,12.515,12.124,11.723,12.504,12.02,12.423,12.635,12.918,11.984,12.262,12.553,12.527,12.673,12.093,11.889,13.37,13.362,12.498,13.735,13.2,12.378,13.701,13.586,12.746,10.503,11.545,11.881,11.528,12.921,11.361,11.301,10.156
12/8,12.105,12.3362,12.267,11.581,12.132,12.336,11.958,11.53,12.24,11.82,12.257,12.49,12.706,11.818,12.218,12.431,12.282,12.494,11.798,11.629,13.235,13.147,12.31,13.422,13.029,12.171,13.577,13.383,12.479,10.288,11.307,11.717,11.297,12.644,11.211,11.228,9.911
12/9,11.8962,12.0885,12.0385,11.4,11.812,12.146,11.706,11.348,12.084,11.558,12.064,12.317,12.527,11.57,11.902,12.285,12.006,12.216,11.495,11.307,13.065,12.962,12.077,13.068,12.956,12.023,13.348,13.278,12.247,10.007,11.041,11.35,11.067,12.466,11.08,10.931,9.689
12/10,11.698,11.8332,11.7652,11.248,11.544,11.961,11.52,11.122,12.002,11.241,11.935,12.05,12.357,11.283,11.575,12.031,11.794,11.986,11.06,11.055,12.956,12.734,11.858,12.857,12.668,11.829,13.064,13.015,11.986,9.824,10.769,10.981,10.659,12.226,10.776,10.563,9.492
12/11,11.488,11.6541,11.5351,10.999,11.4,11.71,11.208,10.959,11.855,10.936,11.828,11.83,12.155,11.017,11.366,11.866,11.654,11.789,10.719,10.807,12.932,12.652,11.739,12.621,12.509,11.603,12.827,12.819,11.718,9.566,10.534,10.694,10.46,11.985,10.626,10.246,9.299
12/12,11.223,11.4413,11.2857,10.725,11.113,11.457,10.962,10.826,11.482,10.675,11.512,11.581,11.897,10.73,11.213,11.696,11.494,11.473,10.407,10.58,12.803,12.448,11.569,12.419,12.331,11.376,12.567,12.699,11.407,9.184,10.316,10.388,10.17,11.741,10.363,9.776,9.104
12/13,10.9954,11.2357,11.0507,10.548,10.95,11.168,10.717,10.537,11.236,10.425,11.291,11.406,11.676,10.474,11.059,11.532,11.303,11.126,10.206,10.373,12.629,12.315,11.34,12.286,12.166,11.139,12.383,12.575,10.997,8.853,10.079,10.124,9.905,11.545,10.157,9.533,8.954
12/14,10.7554,11.0139,10.8576,10.284,10.781,10.795,10.467,10.375,11.076,10.032,11.107,11.123,11.514,10.207,10.755,11.388,11.039,10.83,9.871,10.189,12.5,12.152,11.208,12.151,12.038,10.867,12.247,12.542,10.729,8.589,9.865,9.898,9.65,11.314,9.895,9.2,8.854
12/15,10.5068,10.7947,10.6167,9.983,10.499,10.485,10.206,10.22,10.882,9.707,10.989,10.903,11.194,9.946,10.459,11.203,10.778,10.536,9.61,9.994,12.343,11.968,11.11,11.912,11.755,10.609,12.137,12.263,10.561,8.303,9.618,9.58,9.429,11.061,9.638,8.882,8.681
12/16,10.2499,10.557,10.413,9.671,10.28,10.275,9.964,10.015,10.601,9.441,10.789,10.602,10.861,9.729,10.177,10.977,10.536,10.168,9.454,9.71,12.23,11.75,10.839,11.587,11.59,10.431,11.975,12.057,10.376,8.18,9.415,9.275,9.244,10.767,9.466,8.618,8.491
12/17,10.0028,10.3123,10.1831,9.543,10.069,10.015,9.592,9.836,10.415,9.21,10.487,10.343,10.518,9.479,10.028,10.782,10.249,9.745,9.305,9.411,12.101,11.486,10.537,11.225,11.439,10.201,11.825,11.805,10.204,7.958,9.079,9.024,9.071,10.476,9.254,8.417,8.395
12/18,9.7352,10.0827,9.9278,9.391,9.668,9.705,9.352,9.685,10.219,8.96,10.177,9.955,10.24,9.297,9.757,10.591,10.05,9.42,9.12,9.144,11.956,11.235,10.257,10.802,11.183,9.962,11.638,11.521,10.036,7.856,8.86,8.543,8.877,10.147,8.83,8.141,8.227
12/19,9.4615,9.852,9.7089,9.191,9.254,9.452,9.079,9.492,9.943,8.727,9.781,9.658,10.038,9.119,9.611,10.411,9.752,9.028,8.867,8.868,11.824,10.995,10.045,10.575,10.924,9.667,11.443,11.378,9.923,7.686,8.651,8.178,8.664,9.89,8.544,7.806,8.09
12/20,9.1945,9.6381,9.4733,8.988,9.153,9.208,8.694,9.313,9.607,8.601,9.386,9.431,9.564,8.934,9.37,10.16,9.537,8.748,8.612,8.675,11.601,10.813,9.931,10.345,10.468,9.476,11.207,11.135,9.759,7.429,8.551,7.961,8.402,9.63,8.214,7.367,7.912
12/21,8.9659,9.4075,9.227,8.823,8.931,8.949,8.403,9.143,9.46,8.308,9.154,9.214,9.274,8.645,9.168,9.88,9.331,8.56,8.291,8.502,11.418,10.514,9.766,9.925,10.12,9.31,11,11.025,9.616,7.232,8.291,7.583,8.168,9.289,7.908,7.129,7.816
12/22,8.7717,9.2038,8.9774,8.701,8.67,8.647,8.215,8.951,9.297,8.159,8.84,9.106,9.131,8.467,8.973,9.626,9.116,8.41,7.997,8.389,11.197,10.282,9.581,9.662,9.851,9.099,10.76,10.714,9.429,7.125,8.026,7.207,7.901,9.102,7.501,6.893,7.746
12/23,8.566,9.0017,8.7528,8.564,8.537,8.439,7.954,8.753,9.004,8.011,8.652,8.848,8.898,8.221,8.758,9.417,9.015,8.282,7.696,8.207,10.966,10.112,9.343,9.385,9.653,8.847,10.461,10.473,9.283,6.979,7.793,6.974,7.68,8.766,7.217,6.682,7.524
12/24,8.3518,8.8111,8.4968,8.375,8.347,8.223,7.731,8.593,8.886,7.709,8.381,8.527,8.746,8.054,8.594,9.221,8.845,8.081,7.467,8.057,10.737,9.88,9.175,9.109,9.324,8.56,10.084,10.356,9.07,6.73,7.643,6.632,7.46,8.558,6.936,6.343,7.448
12/25,8.1189,8.6196,8.282,8.207,8.084,7.928,7.498,8.321,8.841,7.467,8.079,8.262,8.502,7.869,8.414,8.981,8.575,7.929,7.323,7.856,10.566,9.699,8.984,8.833,9.042,8.339,9.878,10.174,8.943,6.509,7.499,6.371,7.232,8.274,6.774,5.999,7.233
12/26,7.917,8.4257,8.0688,8.061,7.898,7.632,7.422,8.266,8.65,7.236,7.676,8.014,8.315,7.706,8.2,8.801,8.411,7.734,7.081,7.677,10.365,9.522,8.76,8.553,8.706,8.054,9.67,10.046,8.648,6.377,7.33,6.194,7.11,7.888,6.675,5.716,7.169
12/27,7.7054,8.2021,7.892,7.916,7.716,7.345,7.225,8.015,8.511,6.979,7.363,7.81,8.174,7.503,7.957,8.564,8.134,7.523,6.912,7.551,10.104,9.215,8.558,8.317,8.489,7.912,9.529,9.943,8.358,6.226,7.146,5.989,7.011,7.441,6.631,5.528,7.062
12/28,7.5201,7.9992,7.712,7.815,7.611,7.062,7.132,7.854,8.396,6.749,7.102,7.577,7.903,7.336,7.732,8.34,7.919,7.4,6.743,7.317,9.787,9.014,8.404,7.976,8.283,7.749,9.317,9.832,8.098,6.156,6.998,5.833,6.878,7.208,6.404,5.335,6.809
12/29,7.3133,7.817,7.5169,7.592,7.372,6.772,7.008,7.686,8.297,6.555,6.824,7.32,7.707,7.126,7.658,8.157,7.769,7.268,6.617,7.242,9.602,8.512,8.219,7.66,8.073,7.542,9.096,9.701,7.791,6.038,6.829,5.704,6.735,7.121,6.278,5.057,6.554
12/30,7.1028,7.6174,7.3279,7.35,7.111,6.573,6.907,7.606,8.031,6.414,6.554,7.03,7.452,6.985,7.404,7.916,7.618,7.121,6.559,6.95,9.508,8.242,7.871,7.322,7.906,7.323,8.849,9.605,7.494,5.873,6.684,5.599,6.624,6.984,5.97,4.861,6.346
12/31,6.9327,7.4388,7.1735,7.203,6.829,6.403,6.893,7.529,7.837,6.334,6.391,6.764,7.144,6.825,7.231,7.708,7.488,7.01,6.408,6.838,9.257,8.029,7.594,7.072,7.72,7.246,8.703,9.508,7.222,5.787,6.591,5.487,6.399,6.725,5.803,4.694,6.147